setting,source_scope,cohort,participants,queries,participant_macro_sbp_mae,participant_macro_dbp_mae,participant_macro_mean_mae,tail_membership_from_setting,selection_rule,oracle_only,deployable
reference,Overall,overall,697,103564,11.211810055262978,6.353101988585788,8.782456021924384,reference,"reference participant mean MAE descending, subject_uid ascending; first ceil(0.3 * N) participants",False,True
reference,Overall,worst_30pct_subjects,210,39305,17.690644027044762,9.737837676069086,13.714240851556923,reference,"reference participant mean MAE descending, subject_uid ascending; first ceil(0.3 * N) participants",True,False
reference,Overall,oracle_retained_70pct_subjects,487,64259,8.418062346691777,4.893565039157674,6.655813692924726,reference,"reference participant mean MAE descending, subject_uid ascending; first ceil(0.3 * N) participants",True,False
reference,MIMIC,overall,316,80874,12.355384525637968,6.910734873179951,9.63305969940896,reference,"reference participant mean MAE descending, subject_uid ascending; first ceil(0.3 * N) participants",False,True
reference,MIMIC,worst_30pct_subjects,121,33906,18.388281812695574,10.29267195946895,14.340476886082266,reference,"reference participant mean MAE descending, subject_uid ascending; first ceil(0.3 * N) participants",True,False
reference,MIMIC,oracle_retained_70pct_subjects,195,46968,8.611894414181709,4.812199552969855,6.712046983575782,reference,"reference participant mean MAE descending, subject_uid ascending; first ceil(0.3 * N) participants",True,False
reference,VitalDB,overall,381,22690,10.263333591644876,5.8906033231481105,8.076968457396493,reference,"reference participant mean MAE descending, subject_uid ascending; first ceil(0.3 * N) participants",False,True
reference,VitalDB,worst_30pct_subjects,89,5399,16.742170183631856,8.98351241436814,12.862841298999998,reference,"reference participant mean MAE descending, subject_uid ascending; first ceil(0.3 * N) participants",True,False
reference,VitalDB,oracle_retained_70pct_subjects,292,17291,8.288619698881721,4.94790157959132,6.61826063923652,reference,"reference participant mean MAE descending, subject_uid ascending; first ceil(0.3 * N) participants",True,False
Age and sex,Overall,overall,697,103564,11.296914997632767,6.3048589693169035,8.800886983474834,reference,"reference participant mean MAE descending, subject_uid ascending; first ceil(0.3 * N) participants",False,True
Age and sex,Overall,worst_30pct_subjects,210,39305,17.737582597421703,9.658994339389892,13.698288468405798,reference,"reference participant mean MAE descending, subject_uid ascending; first ceil(0.3 * N) participants",True,False
Age and sex,Overall,oracle_retained_70pct_subjects,487,64259,8.519625067538973,4.858517228628345,6.689071148083659,reference,"reference participant mean MAE descending, subject_uid ascending; first ceil(0.3 * N) participants",True,False
Age and sex,MIMIC,overall,316,80874,12.536302159773458,6.8342925558583625,9.685297357815909,reference,"reference participant mean MAE descending, subject_uid ascending; first ceil(0.3 * N) participants",False,True
Age and sex,MIMIC,worst_30pct_subjects,121,33906,18.601596264922993,10.21798699888655,14.40979163190477,reference,"reference participant mean MAE descending, subject_uid ascending; first ceil(0.3 * N) participants",True,False
Age and sex,MIMIC,oracle_retained_70pct_subjects,195,46968,8.772709407347337,4.734666773261387,6.753688090304362,reference,"reference participant mean MAE descending, subject_uid ascending; first ceil(0.3 * N) participants",True,False
Age and sex,VitalDB,overall,381,22690,10.268971839531826,5.865748698064667,8.067360268798245,reference,"reference participant mean MAE descending, subject_uid ascending; first ceil(0.3 * N) participants",False,True
Age and sex,VitalDB,worst_30pct_subjects,89,5399,16.562912330369393,8.899015555130394,12.730963942749893,reference,"reference participant mean MAE descending, subject_uid ascending; first ceil(0.3 * N) participants",True,False
Age and sex,VitalDB,oracle_retained_70pct_subjects,292,17291,8.35061326526969,4.941225580671348,6.645919422970518,reference,"reference participant mean MAE descending, subject_uid ascending; first ceil(0.3 * N) participants",True,False
BP-change sampling,Overall,overall,697,103564,11.404418187838635,6.490877372044435,8.947647779941535,reference,"reference participant mean MAE descending, subject_uid ascending; first ceil(0.3 * N) participants",False,True
BP-change sampling,Overall,worst_30pct_subjects,210,39305,17.96095996280459,9.803582035782005,13.882270999293297,reference,"reference participant mean MAE descending, subject_uid ascending; first ceil(0.3 * N) participants",True,False
BP-change sampling,Overall,oracle_retained_70pct_subjects,487,64259,8.577161980974468,5.062401028338294,6.819781504656381,reference,"reference participant mean MAE descending, subject_uid ascending; first ceil(0.3 * N) participants",True,False
BP-change sampling,MIMIC,overall,316,80874,12.699249862709255,7.1234950568576565,9.911372459783456,reference,"reference participant mean MAE descending, subject_uid ascending; first ceil(0.3 * N) participants",False,True
BP-change sampling,MIMIC,worst_30pct_subjects,121,33906,18.83592322140446,10.393511524411744,14.614717372908101,reference,"reference participant mean MAE descending, subject_uid ascending; first ceil(0.3 * N) participants",True,False
BP-change sampling,MIMIC,oracle_retained_70pct_subjects,195,46968,8.89136536833941,5.094407915452297,6.992886641895855,reference,"reference participant mean MAE descending, subject_uid ascending; first ceil(0.3 * N) participants",True,False
BP-change sampling,VitalDB,overall,381,22690,10.33048955461261,5.966186588839768,8.148338071726188,reference,"reference participant mean MAE descending, subject_uid ascending; first ceil(0.3 * N) participants",False,True
BP-change sampling,VitalDB,worst_30pct_subjects,89,5399,16.77140317302274,9.001543068094383,12.886473120558565,reference,"reference participant mean MAE descending, subject_uid ascending; first ceil(0.3 * N) participants",True,False
BP-change sampling,VitalDB,oracle_retained_70pct_subjects,292,17291,8.367334376398565,5.041026566053257,6.704180471225911,reference,"reference participant mean MAE descending, subject_uid ascending; first ceil(0.3 * N) participants",True,False
Huber,Overall,overall,697,103564,11.268099523918536,6.24331067079116,8.755705097354848,reference,"reference participant mean MAE descending, subject_uid ascending; first ceil(0.3 * N) participants",False,True
Huber,Overall,worst_30pct_subjects,210,39305,17.60791652697029,9.439582641483302,13.523749584226795,reference,"reference participant mean MAE descending, subject_uid ascending; first ceil(0.3 * N) participants",True,False
Huber,Overall,oracle_retained_70pct_subjects,487,64259,8.53429753081614,4.865041443182639,6.699669486999389,reference,"reference participant mean MAE descending, subject_uid ascending; first ceil(0.3 * N) participants",True,False
Huber,MIMIC,overall,316,80874,12.374581357317984,6.700273766287642,9.537427561802811,reference,"reference participant mean MAE descending, subject_uid ascending; first ceil(0.3 * N) participants",False,True
Huber,MIMIC,worst_30pct_subjects,121,33906,18.125101527386256,9.802591812054821,13.963846669720535,reference,"reference participant mean MAE descending, subject_uid ascending; first ceil(0.3 * N) participants",True,False
Huber,MIMIC,oracle_retained_70pct_subjects,195,46968,8.80630986717306,4.775245645580829,6.790777756376944,reference,"reference participant mean MAE descending, subject_uid ascending; first ceil(0.3 * N) participants",True,False
Huber,VitalDB,overall,381,22690,10.350387557109547,5.864307158515862,8.107347357812705,reference,"reference participant mean MAE descending, subject_uid ascending; first ceil(0.3 * N) participants",False,True
Huber,VitalDB,worst_30pct_subjects,89,5399,16.90477736910139,8.946053319695057,12.925415344398223,reference,"reference participant mean MAE descending, subject_uid ascending; first ceil(0.3 * N) participants",True,False
Huber,VitalDB,oracle_retained_70pct_subjects,292,17291,8.352645456879157,4.9250078148687795,6.638826635873968,reference,"reference participant mean MAE descending, subject_uid ascending; first ceil(0.3 * N) participants",True,False
Median anchor,Overall,overall,697,103564,11.465080397016969,6.477494351080733,8.97128737404885,reference,"reference participant mean MAE descending, subject_uid ascending; first ceil(0.3 * N) participants",False,True
Median anchor,Overall,worst_30pct_subjects,210,39305,17.892140929622318,9.860954053337252,13.876547491479787,reference,"reference participant mean MAE descending, subject_uid ascending; first ceil(0.3 * N) participants",True,False
Median anchor,Overall,oracle_retained_70pct_subjects,487,64259,8.693657990760041,5.01850762115492,6.856082805957483,reference,"reference participant mean MAE descending, subject_uid ascending; first ceil(0.3 * N) participants",True,False
Median anchor,MIMIC,overall,316,80874,12.477194267895394,6.987347816487309,9.732271042191352,reference,"reference participant mean MAE descending, subject_uid ascending; first ceil(0.3 * N) participants",False,True
Median anchor,MIMIC,worst_30pct_subjects,121,33906,18.570678679163372,10.35937690489857,14.465027792030968,reference,"reference participant mean MAE descending, subject_uid ascending; first ceil(0.3 * N) participants",True,False
Median anchor,MIMIC,oracle_retained_70pct_subjects,195,46968,8.696109069108596,4.894960535985961,6.795534802547279,reference,"reference participant mean MAE descending, subject_uid ascending; first ceil(0.3 * N) participants",True,False
Median anchor,VitalDB,overall,381,22690,10.625636871563996,6.054623760349818,8.340130315956909,reference,"reference participant mean MAE descending, subject_uid ascending; first ceil(0.3 * N) participants",False,True
Median anchor,VitalDB,worst_30pct_subjects,89,5399,16.969634551032797,9.183322985484226,13.07647876825851,reference,"reference participant mean MAE descending, subject_uid ascending; first ceil(0.3 * N) participants",True,False
Median anchor,VitalDB,oracle_retained_70pct_subjects,292,17291,8.692021140493027,5.10101338008625,6.896517260289638,reference,"reference participant mean MAE descending, subject_uid ascending; first ceil(0.3 * N) participants",True,False
PPG quality gate,Overall,overall,697,103564,10.909839721341568,6.264414158992313,8.58712694016694,reference,"reference participant mean MAE descending, subject_uid ascending; first ceil(0.3 * N) participants",False,True
PPG quality gate,Overall,worst_30pct_subjects,210,39305,16.608888642566207,9.233464861068676,12.921176751817441,reference,"reference participant mean MAE descending, subject_uid ascending; first ceil(0.3 * N) participants",True,False
PPG quality gate,Overall,oracle_retained_70pct_subjects,487,64259,8.452344293298086,4.984125355222219,6.718234824260152,reference,"reference participant mean MAE descending, subject_uid ascending; first ceil(0.3 * N) participants",True,False
PPG quality gate,MIMIC,overall,316,80874,11.716165941189844,6.709882533328158,9.213024237259003,reference,"reference participant mean MAE descending, subject_uid ascending; first ceil(0.3 * N) participants",False,True
PPG quality gate,MIMIC,worst_30pct_subjects,121,33906,16.81253352492077,9.468998445897707,13.140765985409242,reference,"reference participant mean MAE descending, subject_uid ascending; first ceil(0.3 * N) participants",True,False
PPG quality gate,MIMIC,oracle_retained_70pct_subjects,195,46968,8.553804517438861,4.99781573629782,6.7758101268683415,reference,"reference participant mean MAE descending, subject_uid ascending; first ceil(0.3 * N) participants",True,False
PPG quality gate,VitalDB,overall,381,22690,10.241075717477901,5.894944326209828,8.068010021843866,reference,"reference participant mean MAE descending, subject_uid ascending; first ceil(0.3 * N) participants",False,True
PPG quality gate,VitalDB,worst_30pct_subjects,89,5399,16.332023128353825,8.913245043492124,12.622634085922972,reference,"reference participant mean MAE descending, subject_uid ascending; first ceil(0.3 * N) participants",True,False
PPG quality gate,VitalDB,oracle_retained_70pct_subjects,292,17291,8.384588321697228,4.974982806216252,6.67978556395674,reference,"reference participant mean MAE descending, subject_uid ascending; first ceil(0.3 * N) participants",True,False
