split_mode,candidate,Scope,Setting,BP,MAE,R²,ME,STD,≤5 mmHg,≤10 mmHg,≤15 mmHg,AAMI,BHS
random_disjoint,subject_lora_rank4,Overall,natural,SBP,3.901790778570673,0.924770489573083,0.0193237733399211,5.804799409023436,74.04924427108728,92.9205265724037,97.5780107264749,PASS*,PASS (Grade A)*
random_disjoint,subject_lora_rank4,Overall,natural,DBP,2.1770816455870823,0.9202864190932254,-0.1215020345048983,3.619475487832853,91.09215017064848,98.2106289614822,99.3466601657728,PASS*,PASS (Grade A)*
random_disjoint,subject_lora_rank4,MIMIC,natural,SBP,4.276870432758425,0.9209312402948474,-0.057025172425071,6.399484545354657,70.95697329376854,91.15727002967358,96.73837784371908,PASS*,PASS (Grade A)*
random_disjoint,subject_lora_rank4,MIMIC,natural,DBP,2.3643203915521487,0.9034374751677122,-0.2669357744098063,4.123055958922498,89.55489614243324,97.5024727992087,98.94906033630068,PASS*,PASS (Grade A)*
random_disjoint,subject_lora_rank4,VitalDB,natural,SBP,3.53717007627854,0.925770092618642,0.0935437581172356,5.160427079649087,77.05528846153847,94.6346153846154,98.39423076923076,PASS*,PASS (Grade A)*
random_disjoint,subject_lora_rank4,VitalDB,natural,DBP,1.9950639800383492,0.9382417756061006,0.019876341498815,3.044684626974451,92.58653846153844,98.89903846153844,99.73317307692308,PASS*,PASS (Grade A)*
random_disjoint,subject_lora_rank4,Overall,ppg_permuted_1,SBP,13.860163795419114,0.202467073587825,0.0193243110429827,18.90033881104012,28.03022915650902,49.39663578742077,64.79887859580693,FAIL*,FAIL (Grade D)*
random_disjoint,subject_lora_rank4,Overall,ppg_permuted_1,DBP,7.385822943883196,0.3525134933703874,-0.1215028392925662,10.320703706923322,47.85226718673818,74.03096050706972,87.442710872745,FAIL*,FAIL (Grade C)*
random_disjoint,subject_lora_rank4,MIMIC,ppg_permuted_1,SBP,13.044466974332,0.3729154170755712,-0.057025172425071,18.022733520092263,30.182987141444112,52.53461918892186,67.71018793273986,FAIL*,FAIL (Grade D)*
random_disjoint,subject_lora_rank4,MIMIC,ppg_permuted_1,DBP,6.781435960926241,0.44808737484285,-0.2669357744098063,9.874150650361148,52.79179030662711,77.98219584569733,89.49802176063304,FAIL*,FAIL (Grade C)*
random_disjoint,subject_lora_rank4,VitalDB,ppg_permuted_1,SBP,14.65311522437976,-0.0832087885634014,0.0935448185297159,19.71599632020171,25.937500000000004,46.34615384615385,61.96874999999999,FAIL*,FAIL (Grade D)*
random_disjoint,subject_lora_rank4,VitalDB,ppg_permuted_1,DBP,7.973356828276928,0.2322545109563922,0.0198747543646739,10.73524747666628,43.05048076923077,70.18990384615384,85.44471153846153,FAIL*,FAIL (Grade C)*
random_disjoint,subject_lora_rank4,Overall,ppg_permuted_2,SBP,13.787035174209391,0.2078857185948035,0.0193238999075217,18.836022416977205,28.289858605558265,49.65382740126768,65.11335933690883,FAIL*,FAIL (Grade D)*
random_disjoint,subject_lora_rank4,Overall,ppg_permuted_2,DBP,7.345867263718619,0.3560281134922042,-0.12150142124256,10.292650820960862,48.0594831789371,74.29180887372013,87.62798634812286,FAIL*,FAIL (Grade C)*
random_disjoint,subject_lora_rank4,MIMIC,ppg_permuted_2,SBP,12.991823489871152,0.3776182083837741,-0.057025172425071,17.95502533896676,30.427794263105834,52.61127596439169,67.86597428288823,FAIL*,FAIL (Grade D)*
random_disjoint,subject_lora_rank4,MIMIC,ppg_permuted_2,DBP,6.751032281322837,0.4521016137400001,-0.2669357744098063,9.838149833171348,52.70771513353115,78.12314540059347,89.68842729970326,FAIL*,FAIL (Grade C)*
random_disjoint,subject_lora_rank4,VitalDB,ppg_permuted_2,SBP,14.560072686580511,-0.0764696808524085,0.093544007723148,19.654568403767357,26.211538461538463,46.77884615384615,62.4375,FAIL*,FAIL (Grade D)*
random_disjoint,subject_lora_rank4,VitalDB,ppg_permuted_2,DBP,7.924115501412978,0.2352559708307806,0.0198775509229073,10.714242412285907,43.54086538461539,70.5673076923077,85.625,FAIL*,FAIL (Grade C)*
random_disjoint,subject_lora_rank4,Overall,personal_state_swapped,SBP,14.280366699547956,0.2532711014141264,1.282736618259603,18.24341256435608,22.73647001462701,43.63115553388591,60.95075572891272,FAIL*,FAIL (Grade D)*
random_disjoint,subject_lora_rank4,Overall,personal_state_swapped,DBP,7.722264130553753,0.3850963840490267,0.8512175152209954,10.02228557449416,41.36518771331058,71.29692832764505,87.73159434422233,FAIL*,FAIL (Grade C)*
random_disjoint,subject_lora_rank4,MIMIC,personal_state_swapped,SBP,14.443784639413233,0.3300720153991912,1.5681822845655191,18.562200278876592,23.10583580613254,43.93669634025717,60.84075173095944,FAIL*,FAIL (Grade D)*
random_disjoint,subject_lora_rank4,MIMIC,personal_state_swapped,DBP,7.548985635538601,0.4259172702978914,1.241797626478382,9.997367623186584,43.63748763600396,72.91790306627102,88.32096933728981,FAIL*,FAIL (Grade C)*
random_disjoint,subject_lora_rank4,VitalDB,personal_state_swapped,SBP,14.121505606082769,0.1019589061971679,1.0052504945718326,17.923947639964737,22.377403846153847,43.33413461538462,61.05769230769232,FAIL*,FAIL (Grade D)*
random_disjoint,subject_lora_rank4,VitalDB,personal_state_swapped,DBP,7.890710821380982,0.3280678493312468,0.4715285801429015,10.032003354587651,39.15625,69.72115384615385,87.15865384615384,FAIL*,FAIL (Grade D)*
random_disjoint,subject_lora_rank4,Overall,personal_state_zero,SBP,9.732814000304998,0.6279884245921197,1.608763794919911,12.807796416698965,34.717211116528524,61.7320819112628,79.2198927352511,FAIL*,FAIL (Grade D)*
random_disjoint,subject_lora_rank4,Overall,personal_state_zero,DBP,5.265842390106923,0.6885253931308242,0.8958860371067487,7.1024395946713454,58.816431009263766,86.80156021452949,96.103120429059,PASS*,PASS (Grade B)*
random_disjoint,subject_lora_rank4,MIMIC,personal_state_zero,SBP,9.886367864448404,0.6670580609073968,2.353781741073412,12.919730779789289,34.34223541048467,61.17457962413452,78.72403560830861,FAIL*,FAIL (Grade D)*
random_disjoint,subject_lora_rank4,MIMIC,personal_state_zero,DBP,5.317352762467547,0.6928033452466852,1.4222671801683102,7.230836532250147,59.060336300692384,86.6839762611276,95.74431256181998,PASS*,PASS (Grade B)*
random_disjoint,subject_lora_rank4,VitalDB,personal_state_zero,SBP,9.58354192660405,0.5514722726652048,0.8845203876495361,12.656222718353789,35.08173076923077,62.27403846153846,79.70192307692308,FAIL*,FAIL (Grade D)*
random_disjoint,subject_lora_rank4,VitalDB,personal_state_zero,DBP,5.215768364667892,0.6784133628763,0.3841828297651731,6.937263644026295,58.57932692307693,86.91586538461539,96.45192307692308,PASS*,PASS (Grade B)*
random_disjoint,subject_lora_rank4,Overall,train_bp_mean,SBP,10.416317139434442,0.5657813253968991,0.1135265256415803,13.945540904031713,33.40321794246709,59.19185763042418,76.39200390053632,FAIL*,FAIL (Grade D)*
random_disjoint,subject_lora_rank4,Overall,train_bp_mean,DBP,5.542326514491914,0.6433196986938153,0.0458869434925825,7.660477023560255,57.56216479765968,84.82081911262799,94.76352998537298,PASS*,PASS (Grade B)*
random_disjoint,subject_lora_rank4,MIMIC,train_bp_mean,SBP,9.97267288487224,0.6520447455452896,0.084294355186817,13.424957269130385,35.26953511374876,61.63204747774481,78.00445103857567,FAIL*,FAIL (Grade D)*
random_disjoint,subject_lora_rank4,MIMIC,train_bp_mean,DBP,5.220253948783308,0.6857787539975734,-0.0190467398197313,7.453145206303458,61.14490603363007,86.9238377843719,95.37833827893176,PASS*,PASS (Grade A)*
random_disjoint,subject_lora_rank4,VitalDB,train_bp_mean,SBP,10.847590544590584,0.4194175935389052,0.141943568266355,14.433726273124442,31.588942307692307,56.81971153846154,74.82451923076923,FAIL*,FAIL (Grade D)*
random_disjoint,subject_lora_rank4,VitalDB,train_bp_mean,DBP,5.855418210579799,0.5887385432259472,0.1090099760202261,7.856359884630059,54.07932692307692,82.7764423076923,94.1658653846154,PASS*,PASS (Grade B)*
random_disjoint,subject_lora_rank4,Overall,train_bp_median,SBP,10.278189340979225,0.5510750457048257,-0.4092827991762723,14.174292879977072,35.99707459775719,61.18356899073623,76.92710872745002,FAIL*,FAIL (Grade D)*
random_disjoint,subject_lora_rank4,Overall,train_bp_median,DBP,5.447111583511635,0.6305238096867197,-0.4923302151295454,7.781255938368404,59.70624085811799,84.96708922476842,94.3539736713798,PASS*,PASS (Grade B)*
random_disjoint,subject_lora_rank4,MIMIC,train_bp_median,SBP,9.833359068956383,0.6380172088860823,-0.1620954809745388,13.69220219389338,37.95746785361029,63.691889218595456,78.56577645895153,FAIL*,FAIL (Grade D)*
random_disjoint,subject_lora_rank4,MIMIC,train_bp_median,DBP,5.101841965863071,0.6699662938253388,-0.6697115211883001,7.608983119924324,63.72156280909989,87.11424332344212,95.0049455984174,PASS*,PASS (Grade A)*
random_disjoint,subject_lora_rank4,VitalDB,train_bp_median,SBP,10.710615691955272,0.4029012643440159,-0.649577394081996,14.623878695636,34.09134615384615,58.74519230769231,75.33413461538461,FAIL*,FAIL (Grade D)*
random_disjoint,subject_lora_rank4,VitalDB,train_bp_median,DBP,5.782753490668076,0.579182018204392,-0.3198951185666597,7.941439697241663,55.80288461538462,82.8798076923077,93.72115384615384,PASS*,PASS (Grade B)*
random_disjoint,personal_profile_code32_no_support,Overall,natural,SBP,5.235729023167588,0.8749087938018374,-0.2299209206933105,7.481762522673316,61.52852267186738,86.73451974646514,94.98537298878595,PASS*,PASS (Grade B)*
random_disjoint,personal_profile_code32_no_support,Overall,natural,DBP,2.910088056520623,0.8747435640578617,-0.2104789734816679,4.534785695391046,84.49780594831789,96.86006825938568,98.94076060458312,PASS*,PASS (Grade A)*
random_disjoint,personal_profile_code32_no_support,MIMIC,natural,SBP,5.590533553292325,0.8764451649396654,-0.0974422698204878,7.999400247443392,59.102373887240354,84.90850642927794,93.87487636003956,PASS*,PASS (Grade B)*
random_disjoint,personal_profile_code32_no_support,MIMIC,natural,DBP,3.0812418250490485,0.8564728982505373,-0.3948468556861613,5.021712025394618,83.4248269040554,96.06330365974284,98.47922848664687,PASS*,PASS (Grade A)*
random_disjoint,personal_profile_code32_no_support,VitalDB,natural,SBP,4.8908180809021,0.8654576784367543,-0.3587054553398719,6.939329737361464,63.887019230769226,88.50961538461539,96.06490384615384,PASS*,PASS (Grade A)*
random_disjoint,personal_profile_code32_no_support,VitalDB,natural,DBP,2.74370684499924,0.893564180981447,-0.0312521187617228,3.997005962860411,85.54086538461539,97.6346153846154,99.38942307692308,PASS*,PASS (Grade A)*
random_disjoint,personal_profile_code32_no_support,Overall,ppg_permuted_1,SBP,13.369982853986649,0.2579211064479789,-0.2299205095578495,18.22997219503556,28.36421257922964,50.97757191613847,66.48586055582642,FAIL*,FAIL (Grade D)*
random_disjoint,personal_profile_code32_no_support,Overall,ppg_permuted_1,DBP,7.033548954694461,0.4152533738092848,-0.2104795913473098,9.806361320828904,49.41004388103365,76.07264748902975,88.96026328620185,FAIL*,FAIL (Grade C)*
random_disjoint,personal_profile_code32_no_support,MIMIC,ppg_permuted_1,SBP,12.454065876591924,0.4272842509296912,-0.0974422698204878,17.22353873576109,30.680019782393668,54.54253214638971,69.8837784371909,FAIL*,FAIL (Grade D)*
random_disjoint,personal_profile_code32_no_support,MIMIC,ppg_permuted_1,DBP,6.387320832281745,0.5131970321838288,-0.3948468556861613,9.268428197449392,54.70326409495549,80.12363996043521,90.96191889218596,FAIL*,PASS (Grade B)*
random_disjoint,personal_profile_code32_no_support,VitalDB,ppg_permuted_1,SBP,14.260359838742476,-0.0229979658292351,-0.3587046445333041,19.157057079891583,26.11298076923077,47.51201923076923,63.18269230769232,FAIL*,FAIL (Grade D)*
random_disjoint,personal_profile_code32_no_support,VitalDB,ppg_permuted_1,DBP,7.661757254462976,0.2933316247229161,-0.0312533372640609,10.2993542643593,44.26442307692307,72.13461538461539,87.01442307692308,FAIL*,FAIL (Grade C)*
random_disjoint,personal_profile_code32_no_support,Overall,ppg_permuted_2,SBP,13.311423989774424,0.2609339994822041,-0.2299202605144737,18.192921168501428,28.665285226718677,51.06289614822038,66.70892247684057,FAIL*,FAIL (Grade D)*
random_disjoint,personal_profile_code32_no_support,Overall,ppg_permuted_2,DBP,6.998274958557992,0.4189650981971365,-0.21047810634016,9.775174103985398,49.72940029254023,76.45538761579718,88.99804973183812,FAIL*,FAIL (Grade C)*
random_disjoint,personal_profile_code32_no_support,MIMIC,ppg_permuted_2,SBP,12.391219457556538,0.4309471672791319,-0.0974422698204878,17.168370351636398,31.402077151335316,54.418892185954505,70.19287833827893,FAIL*,FAIL (Grade D)*
random_disjoint,personal_profile_code32_no_support,MIMIC,ppg_permuted_2,DBP,6.346098551528508,0.5206420773371301,-0.3948468556861613,9.197150960269411,55.00741839762612,80.68991097922849,91.19188921859543,FAIL*,PASS (Grade B)*
random_disjoint,personal_profile_code32_no_support,VitalDB,ppg_permuted_2,SBP,14.205968972536231,-0.020721435544587,-0.3587041533910311,19.13572214039689,26.00480769230769,47.80048076923077,63.32211538461539,FAIL*,FAIL (Grade D)*
random_disjoint,personal_profile_code32_no_support,VitalDB,ppg_permuted_2,DBP,7.632265677314538,0.2928313247539924,-0.0312504086586145,10.302999478371676,44.59855769230769,72.3389423076923,86.86538461538461,FAIL*,FAIL (Grade C)*
random_disjoint,personal_profile_code32_no_support,Overall,personal_state_swapped,SBP,14.601667587702476,0.2268938098426904,0.6231834292121191,18.598221218522028,22.17942467089225,42.50365675280351,59.72574353973671,FAIL*,FAIL (Grade D)*
random_disjoint,personal_profile_code32_no_support,Overall,personal_state_swapped,DBP,7.914583582066722,0.3630913491640336,0.2604470347381696,10.233448492544442,40.07922964407606,69.7830326669917,86.71014139444173,FAIL*,FAIL (Grade C)*
random_disjoint,personal_profile_code32_no_support,MIMIC,personal_state_swapped,SBP,14.572814348732091,0.3275126975468628,0.5939163007085331,18.65442268902882,22.166172106824924,42.99208704253215,60.225024727992086,FAIL*,FAIL (Grade D)*
random_disjoint,personal_profile_code32_no_support,MIMIC,personal_state_swapped,DBP,7.688012733987719,0.4157531025203591,0.109361810712503,10.162400074866293,42.119188921859546,71.87438180019782,87.58654797230466,FAIL*,FAIL (Grade C)*
random_disjoint,personal_profile_code32_no_support,VitalDB,personal_state_swapped,SBP,14.62971626520157,0.0406232523867352,0.6516344550939707,18.54360358783666,22.192307692307693,42.02884615384615,59.24038461538461,FAIL*,FAIL (Grade D)*
random_disjoint,personal_profile_code32_no_support,VitalDB,personal_state_swapped,DBP,8.134836589189677,0.2921381956610683,0.407319305401582,10.300044036673444,38.09615384615385,67.75,85.85817307692307,FAIL*,FAIL (Grade D)*
random_disjoint,personal_profile_code32_no_support,Overall,personal_state_zero,SBP,10.75228001135608,0.5698395773690481,0.4045021991739036,13.874784424079207,30.27547537786446,56.00438810336421,74.40151145782545,FAIL*,FAIL (Grade D)*
random_disjoint,personal_profile_code32_no_support,Overall,personal_state_zero,DBP,5.932461695087532,0.6327526656379583,0.1311402070005018,7.772156831705578,51.74305216967333,82.69746465138957,94.87445148707948,PASS*,PASS (Grade B)*
random_disjoint,personal_profile_code32_no_support,MIMIC,personal_state_zero,SBP,11.189791258860058,0.592648644566248,1.7980830761374635,14.414224138021188,29.809594460929773,54.62166172106825,72.72255192878339,FAIL*,FAIL (Grade D)*
random_disjoint,personal_profile_code32_no_support,MIMIC,personal_state_zero,DBP,6.093279686125049,0.6247116563893536,1.103228251610972,8.070214763780427,51.59495548961425,81.9263105835806,93.97378832838773,FAIL*,PASS (Grade B)*
random_disjoint,personal_profile_code32_no_support,VitalDB,personal_state_zero,SBP,10.326968596715194,0.5127480700926341,-0.9502192110281724,13.189250087463543,30.728365384615387,57.348557692307686,76.03365384615385,FAIL*,FAIL (Grade D)*
random_disjoint,personal_profile_code32_no_support,VitalDB,personal_state_zero,DBP,5.776128051877022,0.6358105464950399,-0.8138415363660225,7.348874926448135,51.887019230769226,83.44711538461539,95.75,PASS*,PASS (Grade B)*
random_disjoint,personal_profile_code32_no_support,Overall,train_bp_mean,SBP,10.416317139434442,0.5657813253968991,0.1135265256415803,13.945540904031713,33.40321794246709,59.19185763042418,76.39200390053632,FAIL*,FAIL (Grade D)*
random_disjoint,personal_profile_code32_no_support,Overall,train_bp_mean,DBP,5.542326514491914,0.6433196986938153,0.0458869434925825,7.660477023560255,57.56216479765968,84.82081911262799,94.76352998537298,PASS*,PASS (Grade B)*
random_disjoint,personal_profile_code32_no_support,MIMIC,train_bp_mean,SBP,9.97267288487224,0.6520447455452896,0.084294355186817,13.424957269130385,35.26953511374876,61.63204747774481,78.00445103857567,FAIL*,FAIL (Grade D)*
random_disjoint,personal_profile_code32_no_support,MIMIC,train_bp_mean,DBP,5.220253948783308,0.6857787539975734,-0.0190467398197313,7.453145206303458,61.14490603363007,86.9238377843719,95.37833827893176,PASS*,PASS (Grade A)*
random_disjoint,personal_profile_code32_no_support,VitalDB,train_bp_mean,SBP,10.847590544590584,0.4194175935389052,0.141943568266355,14.433726273124442,31.588942307692307,56.81971153846154,74.82451923076923,FAIL*,FAIL (Grade D)*
random_disjoint,personal_profile_code32_no_support,VitalDB,train_bp_mean,DBP,5.855418210579799,0.5887385432259472,0.1090099760202261,7.856359884630059,54.07932692307692,82.7764423076923,94.1658653846154,PASS*,PASS (Grade B)*
random_disjoint,personal_profile_code32_no_support,Overall,train_bp_median,SBP,10.278189340979225,0.5510750457048257,-0.4092827991762723,14.174292879977072,35.99707459775719,61.18356899073623,76.92710872745002,FAIL*,FAIL (Grade D)*
random_disjoint,personal_profile_code32_no_support,Overall,train_bp_median,DBP,5.447111583511635,0.6305238096867197,-0.4923302151295454,7.781255938368404,59.70624085811799,84.96708922476842,94.3539736713798,PASS*,PASS (Grade B)*
random_disjoint,personal_profile_code32_no_support,MIMIC,train_bp_median,SBP,9.833359068956383,0.6380172088860823,-0.1620954809745388,13.69220219389338,37.95746785361029,63.691889218595456,78.56577645895153,FAIL*,FAIL (Grade D)*
random_disjoint,personal_profile_code32_no_support,MIMIC,train_bp_median,DBP,5.101841965863071,0.6699662938253388,-0.6697115211883001,7.608983119924324,63.72156280909989,87.11424332344212,95.0049455984174,PASS*,PASS (Grade A)*
random_disjoint,personal_profile_code32_no_support,VitalDB,train_bp_median,SBP,10.710615691955272,0.4029012643440159,-0.649577394081996,14.623878695636,34.09134615384615,58.74519230769231,75.33413461538461,FAIL*,FAIL (Grade D)*
random_disjoint,personal_profile_code32_no_support,VitalDB,train_bp_median,DBP,5.782753490668076,0.579182018204392,-0.3198951185666597,7.941439697241663,55.80288461538462,82.8798076923077,93.72115384615384,PASS*,PASS (Grade B)*
chronological_blocked,personal_profile_code32_no_support,Overall,natural,SBP,5.584332296361231,0.851517292912696,0.2637385200024348,7.916282641728238,59.07118478790834,84.57703559239395,93.71647976596782,PASS*,PASS (Grade B)*
chronological_blocked,personal_profile_code32_no_support,Overall,natural,DBP,3.038110091266604,0.8597172720900392,-0.0618023618961298,4.658381641852103,82.56338371526085,96.0787420770356,98.75548512920528,PASS*,PASS (Grade A)*
chronological_blocked,personal_profile_code32_no_support,MIMIC,natural,SBP,5.492869544571632,0.8759973339218012,0.2932078876551959,7.974675097106161,60.6998021760633,85.24480712166172,93.79574678536105,PASS*,PASS (Grade B)*
chronological_blocked,personal_profile_code32_no_support,MIMIC,natural,DBP,2.893422791464982,0.8737774494250297,-0.0001833810532717,4.592488517961755,84.64144411473788,95.91246290801186,98.41493570722058,PASS*,PASS (Grade A)*
chronological_blocked,personal_profile_code32_no_support,VitalDB,natural,SBP,5.673244644495157,0.8043793932238749,0.2350908943322988,7.859092532141592,57.48798076923077,83.92788461538461,93.63942307692308,PASS*,PASS (Grade B)*
chronological_blocked,personal_profile_code32_no_support,VitalDB,natural,DBP,3.17876284136222,0.8385713341843712,-0.1217031211577929,4.720840244739392,80.54326923076923,96.2403846153846,99.08653846153848,PASS*,PASS (Grade A)*
chronological_blocked,personal_profile_code32_no_support,Overall,ppg_permuted_1,SBP,7.449425281122915,0.7233426086183012,0.2637382593345549,10.808517512311967,48.7664553876158,75.45465626523648,87.71574841540712,FAIL*,FAIL (Grade C)*
chronological_blocked,personal_profile_code32_no_support,Overall,ppg_permuted_1,DBP,4.035302126180945,0.7595937839569258,-0.0618031270674878,6.098481738006213,73.22647489029741,91.7771818625061,96.97830326669916,PASS*,PASS (Grade A)*
chronological_blocked,personal_profile_code32_no_support,MIMIC,ppg_permuted_1,SBP,6.76707731439381,0.8079252167389006,0.2932078876551959,9.92742638077758,52.720079129574685,78.9564787339268,90.1706231454006,FAIL*,PASS (Grade B)*
chronological_blocked,personal_profile_code32_no_support,MIMIC,ppg_permuted_1,DBP,3.5181543151655488,0.8245064592806667,-0.0001833810532717,5.415146015519596,78.36053412462908,93.80811078140457,97.59396636993075,PASS*,PASS (Grade A)*
chronological_blocked,personal_profile_code32_no_support,VitalDB,ppg_permuted_1,SBP,8.112746237241305,0.5739510663571079,0.2350903802651625,11.601119735647936,44.92307692307692,72.05048076923077,85.32932692307692,FAIL*,FAIL (Grade C)*
chronological_blocked,personal_profile_code32_no_support,VitalDB,ppg_permuted_1,DBP,4.538029469389182,0.6753627152902992,-0.1217046301639997,6.6957729129540375,68.23557692307692,89.80288461538461,96.3798076923077,PASS*,PASS (Grade A)*
chronological_blocked,personal_profile_code32_no_support,Overall,ppg_permuted_2,SBP,7.422955407496489,0.7269494068773734,0.2637393021920667,10.737788486482954,48.81155533885909,75.41199414919552,87.78400780107265,FAIL*,FAIL (Grade C)*
chronological_blocked,personal_profile_code32_no_support,Overall,ppg_permuted_2,DBP,4.015483945151877,0.7627185608792851,-0.0618022087316638,6.058714277260625,73.45563139931741,91.85275475377864,97.09775719161384,PASS*,PASS (Grade A)*
chronological_blocked,personal_profile_code32_no_support,MIMIC,ppg_permuted_2,SBP,6.760409955006796,0.8099569283375164,0.2932078876551959,9.874736025105106,52.54945598417409,78.93422354104847,90.0568743818002,FAIL*,PASS (Grade B)*
chronological_blocked,personal_profile_code32_no_support,MIMIC,ppg_permuted_2,DBP,3.508356249391384,0.8257258956927411,-0.0001833810532717,5.396299346299188,78.68694362017804,93.7908011869436,97.68298714144412,PASS*,PASS (Grade A)*
chronological_blocked,personal_profile_code32_no_support,VitalDB,ppg_permuted_2,SBP,8.06702603486868,0.580251717003466,0.2350924369005056,11.514982754867946,45.17788461538462,71.98798076923076,85.57451923076923,FAIL*,FAIL (Grade C)*
chronological_blocked,personal_profile_code32_no_support,VitalDB,ppg_permuted_2,DBP,4.508470580165203,0.6808305534185759,-0.121702819099793,6.639126534819244,68.3701923076923,89.96875,96.52884615384616,PASS*,PASS (Grade A)*
chronological_blocked,personal_profile_code32_no_support,Overall,personal_state_swapped,SBP,14.341607047824496,0.2002419987024585,1.3791956676499897,18.3306436473894,23.16552901023891,43.979765967820576,60.7557289127255,FAIL*,FAIL (Grade D)*
chronological_blocked,personal_profile_code32_no_support,Overall,personal_state_swapped,DBP,7.796770353168467,0.3286508897703332,0.5177211282777531,10.178512510604858,41.689419795221845,70.79595319356412,86.64797659678206,FAIL*,FAIL (Grade C)*
chronological_blocked,personal_profile_code32_no_support,MIMIC,personal_state_swapped,SBP,13.382014238657511,0.4165625381148045,2.121783782230758,17.17910095638893,25.23986152324431,47.403560830860535,64.44609297725025,FAIL*,FAIL (Grade D)*
chronological_blocked,personal_profile_code32_no_support,MIMIC,personal_state_swapped,DBP,6.945236624643192,0.4987457018489384,0.959729312034554,9.101382570435716,46.76557863501484,76.19930761622157,89.90108803165184,FAIL*,FAIL (Grade C)*
chronological_blocked,personal_profile_code32_no_support,VitalDB,personal_state_swapped,SBP,15.274441980582017,-0.1870851727000024,0.6573143370334918,19.35753355638508,21.14903846153846,40.65144230769231,57.16826923076923,FAIL*,FAIL (Grade D)*
chronological_blocked,personal_profile_code32_no_support,VitalDB,personal_state_swapped,DBP,8.624559391186787,0.1065732413801656,0.0880381727218627,11.109361252287556,36.75480769230769,65.54326923076923,83.48557692307692,FAIL*,FAIL (Grade D)*
chronological_blocked,personal_profile_code32_no_support,Overall,personal_state_zero,SBP,11.03613035303392,0.5279176078528595,1.2499950694433368,14.067775453081495,29.63188688444661,54.12116040955631,72.75109702584105,FAIL*,FAIL (Grade D)*
chronological_blocked,personal_profile_code32_no_support,Overall,personal_state_zero,DBP,5.965143864541911,0.605267573280613,0.5671318834668424,7.794278860990108,51.69795221843003,82.36591906387129,94.50024378352023,PASS*,PASS (Grade B)*
chronological_blocked,personal_profile_code32_no_support,MIMIC,personal_state_zero,SBP,11.202799796114808,0.5986718916243323,2.949981444761614,14.049873603977074,28.98862512363996,53.81800197823937,72.14638971315529,FAIL*,FAIL (Grade D)*
chronological_blocked,personal_profile_code32_no_support,MIMIC,personal_state_zero,DBP,5.882693197842757,0.6394259669038818,1.8820667175817445,7.530422704219694,52.826409495548965,83.30613254203759,94.45103857566764,PASS*,PASS (Grade B)*
chronological_blocked,personal_profile_code32_no_support,VitalDB,personal_state_zero,SBP,10.874108423269712,0.389228142967543,-0.4025878396401038,13.887255068022542,30.257211538461537,54.41586538461538,73.3389423076923,FAIL*,FAIL (Grade D)*
chronological_blocked,personal_profile_code32_no_support,VitalDB,personal_state_zero,DBP,6.045295426111955,0.5521211052357873,-0.7111364985429324,7.833780455501754,50.60096153846154,81.45192307692307,94.54807692307692,PASS*,PASS (Grade B)*
chronological_blocked,personal_profile_code32_no_support,Overall,train_bp_mean,SBP,9.777309139061996,0.5910816153954404,0.1546560341878265,13.143544524380838,36.17503656752803,62.319600195026815,78.83105802047781,FAIL*,FAIL (Grade D)*
chronological_blocked,personal_profile_code32_no_support,Overall,train_bp_mean,DBP,5.172101276389335,0.6636214032787889,-0.1511767593143859,7.2125689792710626,60.984885421745496,87.03924914675768,95.3839590443686,PASS*,PASS (Grade A)*
chronological_blocked,personal_profile_code32_no_support,MIMIC,train_bp_mean,SBP,9.161750945705334,0.6888667587610748,0.9665373991787964,12.603486574302494,39.92581602373888,66.24629080118694,81.34767556874381,FAIL*,FAIL (Grade D)*
chronological_blocked,personal_profile_code32_no_support,MIMIC,train_bp_mean,DBP,4.623885802345389,0.7310062189924165,0.3358246762250226,6.69584163927077,67.26261127596439,89.46340257171119,96.16963402571712,PASS*,PASS (Grade A)*
chronological_blocked,personal_profile_code32_no_support,VitalDB,train_bp_mean,SBP,10.37570272895006,0.4132924295703679,-0.6345863312024337,13.601851251023396,32.52884615384615,58.50240384615385,76.38461538461539,FAIL*,FAIL (Grade D)*
chronological_blocked,personal_profile_code32_no_support,VitalDB,train_bp_mean,DBP,5.705029972791672,0.5733269414502311,-0.6245983471320226,7.652068634389815,54.88221153846153,84.6826923076923,94.6201923076923,PASS*,PASS (Grade B)*
chronological_blocked,personal_profile_code32_no_support,Overall,train_bp_median,SBP,9.833516880920724,0.5647472986835307,-0.2399401121637055,13.558979174488368,37.90468064358849,63.43612871769868,78.65919063871283,FAIL*,FAIL (Grade D)*
chronological_blocked,personal_profile_code32_no_support,Overall,train_bp_median,DBP,5.174751996157054,0.6414830676898715,-0.5180511230727279,7.429726558512074,62.26109215017065,86.63091175036568,94.55265724037056,PASS*,PASS (Grade B)*
chronological_blocked,personal_profile_code32_no_support,MIMIC,train_bp_median,SBP,9.24740884952564,0.6652035596665777,0.6000384916537593,13.098635158902864,41.38229475766568,67.42581602373888,81.12759643916914,FAIL*,FAIL (Grade D)*
chronological_blocked,personal_profile_code32_no_support,MIMIC,train_bp_median,DBP,4.635263746687968,0.708464633478225,-0.1001902179831213,6.978795549897297,68.24431256181998,89.01829871414441,95.2299703264095,PASS*,PASS (Grade A)*
chronological_blocked,personal_profile_code32_no_support,VitalDB,train_bp_median,SBP,10.40328151528652,0.3812369494111958,-1.056496235682414,13.943712696252854,34.52403846153846,59.55769230769232,76.25961538461539,FAIL*,FAIL (Grade D)*
chronological_blocked,personal_profile_code32_no_support,VitalDB,train_bp_median,DBP,5.699196823285177,0.5509345813319468,-0.9242601375396436,7.821987137775405,56.44471153846153,84.31009615384616,93.89423076923076,PASS*,PASS (Grade B)*
chronological_blocked,subject_lora_rank4,Overall,natural,SBP,4.8788728119279625,0.8780489178936821,0.0704422911686295,7.1778794813621545,65.93734763529986,87.96318868844466,95.09751340809362,PASS*,PASS (Grade A)*
chronological_blocked,subject_lora_rank4,Overall,natural,DBP,2.7100616636420387,0.8725629764344476,0.0209950401514463,4.440318643769346,85.46075085324232,96.64431984397854,98.87615797172111,PASS*,PASS (Grade A)*
chronological_blocked,subject_lora_rank4,MIMIC,natural,SBP,4.631189097094135,0.9057392148226138,0.1424083285232679,6.95609294697049,68.8303659742829,89.25816023738872,95.4698318496538,PASS*,PASS (Grade A)*
chronological_blocked,subject_lora_rank4,MIMIC,natural,DBP,2.514334498998791,0.8877993915277437,0.0031430617520174,4.3298923128085045,87.5024727992087,96.78288822947576,98.7759643916914,PASS*,PASS (Grade A)*
chronological_blocked,subject_lora_rank4,VitalDB,natural,SBP,5.1196499616366165,0.8273524989787608,0.00048299908638,7.386513062294857,63.125,86.70432692307692,94.73557692307692,PASS*,PASS (Grade B)*
chronological_blocked,subject_lora_rank4,VitalDB,natural,DBP,2.9003310515788887,0.8504565424747732,0.0383492229993526,4.545079647865576,83.47596153846155,96.5096153846154,98.9735576923077,PASS*,PASS (Grade A)*
chronological_blocked,subject_lora_rank4,Overall,ppg_permuted_1,SBP,7.007707979852313,0.7419022386486296,0.0704464624126849,10.442548053378705,52.80838615309605,77.81569965870307,88.77986348122867,FAIL*,FAIL (Grade C)*
chronological_blocked,subject_lora_rank4,Overall,ppg_permuted_1,DBP,3.804985159841879,0.7685958642071877,0.0209962645372142,5.983483066244338,75.75450999512434,92.42320819112628,97.12579229644076,PASS*,PASS (Grade A)*
chronological_blocked,subject_lora_rank4,MIMIC,ppg_permuted_1,SBP,6.207293609671965,0.8299637328346038,0.1424083285232679,9.343534352827197,57.54698318496538,81.76557863501483,91.32047477744808,FAIL*,PASS (Grade B)*
chronological_blocked,subject_lora_rank4,MIMIC,ppg_permuted_1,DBP,3.260045663539309,0.8330876784860252,0.0031430617520174,5.28109190640155,81.05341246290801,94.48565776458952,97.92532146389712,PASS*,PASS (Grade A)*
chronological_blocked,subject_lora_rank4,VitalDB,ppg_permuted_1,SBP,7.785803103171862,0.5880732657312795,0.0004912252609546,11.4095709101411,48.20192307692307,73.97596153846155,86.31009615384615,FAIL*,FAIL (Grade C)*
chronological_blocked,subject_lora_rank4,VitalDB,ppg_permuted_1,DBP,4.334729227882165,0.6851557318766532,0.0383516376293622,6.5949848243638725,70.60336538461539,90.41826923076924,96.3485576923077,PASS*,PASS (Grade A)*
chronological_blocked,subject_lora_rank4,Overall,ppg_permuted_2,SBP,6.978918726673247,0.7449932206838423,0.0704464624126849,10.379826802366749,52.98878595806924,77.82910775231593,88.81886884446611,FAIL*,FAIL (Grade C)*
chronological_blocked,subject_lora_rank4,Overall,ppg_permuted_2,DBP,3.7902906156992806,0.7711379071883943,0.0209974891089742,5.950526730416774,75.78254509995125,92.4549000487567,97.18795709410044,PASS*,PASS (Grade A)*
chronological_blocked,subject_lora_rank4,MIMIC,ppg_permuted_2,SBP,6.221584188572613,0.830384154773498,0.1424083285232679,9.33197337305402,57.618694362017806,81.51829871414441,91.31552917903066,FAIL*,PASS (Grade B)*
chronological_blocked,subject_lora_rank4,MIMIC,ppg_permuted_2,DBP,3.2592936444589102,0.8334893155112406,0.0031430617520174,5.274734196285944,81.09297725024727,94.43867457962412,97.91790306627102,PASS*,PASS (Grade A)*
chronological_blocked,subject_lora_rank4,VitalDB,ppg_permuted_2,SBP,7.71513528246146,0.5955592321869405,0.0004912252609546,11.305422195839537,48.48798076923077,74.24278846153847,86.39182692307692,FAIL*,FAIL (Grade C)*
chronological_blocked,subject_lora_rank4,VitalDB,ppg_permuted_2,DBP,4.3064809406262174,0.6902980569878392,0.0383540526261696,6.540903578212716,70.6201923076923,90.5264423076923,96.4783653846154,PASS*,PASS (Grade A)*
chronological_blocked,subject_lora_rank4,Overall,personal_state_swapped,SBP,13.40971398225707,0.2883243837594125,1.540990649706442,17.272039408983016,24.730619210141395,46.81984397854705,64.46001950268162,FAIL*,FAIL (Grade D)*
chronological_blocked,subject_lora_rank4,Overall,personal_state_swapped,DBP,7.162697358552216,0.4233853440927316,0.8016462480888199,9.41118133884236,45.057289127255,74.29668454412482,89.58922476840566,FAIL*,FAIL (Grade C)*
chronological_blocked,subject_lora_rank4,MIMIC,personal_state_swapped,SBP,12.598992130004095,0.4785465399818525,3.1526555075489804,16.05777996290523,26.698813056379823,50.17804154302671,67.40356083086053,FAIL*,FAIL (Grade D)*
chronological_blocked,subject_lora_rank4,MIMIC,personal_state_swapped,DBP,6.443092119611218,0.5569464255117808,1.7567580943763197,8.422887728789576,50.18793273986152,79.15182987141444,91.99060336300693,FAIL*,PASS (Grade B)*
chronological_blocked,subject_lora_rank4,VitalDB,personal_state_swapped,SBP,14.197829167476067,-0.0527522889743257,-0.0257335534462561,18.239880461475774,22.817307692307693,43.55528846153846,61.598557692307686,FAIL*,FAIL (Grade D)*
chronological_blocked,subject_lora_rank4,VitalDB,personal_state_swapped,DBP,7.86223668217659,0.2473796917792653,-0.126832671715663,10.195948070162654,40.06971153846154,69.57692307692308,87.2548076923077,FAIL*,FAIL (Grade C)*
chronological_blocked,subject_lora_rank4,Overall,personal_state_zero,SBP,9.474527576480012,0.6335178109773377,1.4603711529047765,12.357741694796154,35.01584592881522,62.675524134568505,79.9634324719649,FAIL*,FAIL (Grade D)*
chronological_blocked,subject_lora_rank4,Overall,personal_state_zero,DBP,5.115943882164288,0.6913815140984974,0.6301200208519797,6.881275029065599,59.7428083861531,87.87786445636276,96.6053144807411,PASS*,PASS (Grade B)*
chronological_blocked,subject_lora_rank4,MIMIC,personal_state_zero,SBP,9.477247139867524,0.692584784171975,2.8935933908298392,12.227003490576273,35.51434223541048,62.81899109792285,80.24480712166172,FAIL*,FAIL (Grade D)*
chronological_blocked,subject_lora_rank4,MIMIC,personal_state_zero,DBP,4.940700554824135,0.72723188553571,1.6334376117713845,6.550538751195622,62.20079129574678,88.58061325420375,96.76805143422357,PASS*,PASS (Grade A)*
chronological_blocked,subject_lora_rank4,VitalDB,personal_state_zero,SBP,9.471883847071574,0.5193122002828513,0.0671137658449319,12.3249292135963,34.53125,62.536057692307686,79.68990384615384,FAIL*,FAIL (Grade D)*
chronological_blocked,subject_lora_rank4,VitalDB,personal_state_zero,DBP,5.286300616722841,0.639078046908621,-0.3452204449360187,7.052778423547937,57.35336538461539,87.19471153846153,96.4471153846154,PASS*,PASS (Grade B)*
chronological_blocked,subject_lora_rank4,Overall,train_bp_mean,SBP,9.777309139061996,0.5910816153954404,0.1546560341878265,13.143544524380838,36.17503656752803,62.319600195026815,78.83105802047781,FAIL*,FAIL (Grade D)*
chronological_blocked,subject_lora_rank4,Overall,train_bp_mean,DBP,5.172101276389335,0.6636214032787889,-0.1511767593143859,7.2125689792710626,60.984885421745496,87.03924914675768,95.3839590443686,PASS*,PASS (Grade A)*
chronological_blocked,subject_lora_rank4,MIMIC,train_bp_mean,SBP,9.161750945705334,0.6888667587610748,0.9665373991787964,12.603486574302494,39.92581602373888,66.24629080118694,81.34767556874381,FAIL*,FAIL (Grade D)*
chronological_blocked,subject_lora_rank4,MIMIC,train_bp_mean,DBP,4.623885802345389,0.7310062189924165,0.3358246762250226,6.69584163927077,67.26261127596439,89.46340257171119,96.16963402571712,PASS*,PASS (Grade A)*
chronological_blocked,subject_lora_rank4,VitalDB,train_bp_mean,SBP,10.37570272895006,0.4132924295703679,-0.6345863312024337,13.601851251023396,32.52884615384615,58.50240384615385,76.38461538461539,FAIL*,FAIL (Grade D)*
chronological_blocked,subject_lora_rank4,VitalDB,train_bp_mean,DBP,5.705029972791672,0.5733269414502311,-0.6245983471320226,7.652068634389815,54.88221153846153,84.6826923076923,94.6201923076923,PASS*,PASS (Grade B)*
chronological_blocked,subject_lora_rank4,Overall,train_bp_median,SBP,9.833516880920724,0.5647472986835307,-0.2399401121637055,13.558979174488368,37.90468064358849,63.43612871769868,78.65919063871283,FAIL*,FAIL (Grade D)*
chronological_blocked,subject_lora_rank4,Overall,train_bp_median,DBP,5.174751996157054,0.6414830676898715,-0.5180511230727279,7.429726558512074,62.26109215017065,86.63091175036568,94.55265724037056,PASS*,PASS (Grade B)*
chronological_blocked,subject_lora_rank4,MIMIC,train_bp_median,SBP,9.24740884952564,0.6652035596665777,0.6000384916537593,13.098635158902864,41.38229475766568,67.42581602373888,81.12759643916914,FAIL*,FAIL (Grade D)*
chronological_blocked,subject_lora_rank4,MIMIC,train_bp_median,DBP,4.635263746687968,0.708464633478225,-0.1001902179831213,6.978795549897297,68.24431256181998,89.01829871414441,95.2299703264095,PASS*,PASS (Grade A)*
chronological_blocked,subject_lora_rank4,VitalDB,train_bp_median,SBP,10.40328151528652,0.3812369494111958,-1.056496235682414,13.943712696252854,34.52403846153846,59.55769230769232,76.25961538461539,FAIL*,FAIL (Grade D)*
chronological_blocked,subject_lora_rank4,VitalDB,train_bp_median,DBP,5.699196823285177,0.5509345813319468,-0.9242601375396436,7.821987137775405,56.44471153846153,84.31009615384616,93.89423076923076,PASS*,PASS (Grade B)*
