candidate,split_mode,condition,Scope,n_participants,n_events,sbp_mae,dbp_mae,mean_mae,sbp_rmse,dbp_rmse,sbp_bias,dbp_bias,participant_mean_mae_p90,participant_mean_mae_p95,worst_30_n_participants,worst_30_mean_mae,retained_70_n_participants,retained_70_mean_mae,tail_definition
subject_lora_rank4,random_disjoint,natural,Overall,2051,82040,3.901790618896485,2.17708158493042,3.0394363403320312,5.3131513595581055,3.103907585144043,0.0193237755447626,-0.1215020418167114,4.576969146728516,5.233169078826904,616,4.476913928985596,1435,2.422372579574585,"oracle diagnostic: participant mean MAE descending, subject_uid ascending tie-break, first ceil(0.30*N)"
subject_lora_rank4,random_disjoint,natural,MIMIC,1011,40440,4.276870250701904,2.364320516586304,3.3205955028533936,5.855810165405273,3.456843376159668,-0.0570251643657684,-0.2669357657432556,4.888978958129883,5.88375186920166,304,4.944676399230957,707,2.622263669967652,"oracle diagnostic: participant mean MAE descending, subject_uid ascending tie-break, first ceil(0.30*N)"
subject_lora_rank4,random_disjoint,natural,VitalDB,1040,41600,3.537169933319092,1.99506413936615,2.7661170959472656,4.785624027252197,2.7608132362365723,0.0935437604784965,0.0198763404041528,4.045180797576904,4.576824641227722,312,3.9309351444244394,728,2.26690936088562,"oracle diagnostic: participant mean MAE descending, subject_uid ascending tie-break, first ceil(0.30*N)"
subject_lora_rank4,random_disjoint,ppg_permuted_1,Overall,2051,82040,13.860164642333984,7.3858232498168945,10.62299346923828,17.56698989868164,9.466330528259276,0.0193243119865655,-0.1215028464794159,15.875788688659668,18.21611213684082,616,15.512102127075195,1435,8.524253845214844,"oracle diagnostic: participant mean MAE descending, subject_uid ascending tie-break, first ceil(0.30*N)"
subject_lora_rank4,random_disjoint,ppg_permuted_1,MIMIC,1011,40440,13.044466972351074,6.781435966491699,9.91295051574707,16.505035400390625,8.762063026428223,-0.0570251643657684,-0.2669357657432556,15.58134651184082,17.98758029937744,304,15.068963050842283,707,7.695939540863037,"oracle diagnostic: participant mean MAE descending, subject_uid ascending tie-break, first ceil(0.30*N)"
subject_lora_rank4,random_disjoint,ppg_permuted_1,VitalDB,1040,41600,14.653115272521973,7.9733567237854,11.313236236572266,18.59933280944824,10.150959968566896,0.0935448110103607,0.0198747515678405,16.05918312072754,18.337428474426265,312,15.813657760620115,728,9.38448429107666,"oracle diagnostic: participant mean MAE descending, subject_uid ascending tie-break, first ceil(0.30*N)"
subject_lora_rank4,random_disjoint,ppg_permuted_2,Overall,2051,82040,13.787035942077637,7.345866680145264,10.566451072692873,17.49763298034668,9.422700881958008,0.0193239022046327,-0.1215014308691024,15.623369216918944,18.056845664978027,616,15.441633224487305,1435,8.4736909866333,"oracle diagnostic: participant mean MAE descending, subject_uid ascending tie-break, first ceil(0.30*N)"
subject_lora_rank4,random_disjoint,ppg_permuted_2,MIMIC,1011,40440,12.99182415008545,6.75103235244751,9.871427536010742,16.44070053100586,8.714547157287598,-0.0570251643657684,-0.2669357657432556,15.39414882659912,17.991783142089844,304,15.024306297302246,707,7.655763149261475,"oracle diagnostic: participant mean MAE descending, subject_uid ascending tie-break, first ceil(0.30*N)"
subject_lora_rank4,random_disjoint,ppg_permuted_2,VitalDB,1040,41600,14.560072898864746,7.9241156578063965,11.242094993591309,18.525089263916016,10.111108779907228,0.0935440063476562,0.0198775511234998,15.766988468170164,18.14424858093261,312,15.713178634643556,728,9.325915336608888,"oracle diagnostic: participant mean MAE descending, subject_uid ascending tie-break, first ceil(0.30*N)"
subject_lora_rank4,random_disjoint,personal_state_swapped,Overall,2051,82040,14.280365943908691,7.722264289855957,11.00131607055664,16.94252586364746,9.22167682647705,1.2827366590499878,0.85121750831604,17.460691452026367,20.52179527282715,616,16.71061134338379,1435,8.550496101379395,"oracle diagnostic: participant mean MAE descending, subject_uid ascending tie-break, first ceil(0.30*N)"
subject_lora_rank4,random_disjoint,personal_state_swapped,MIMIC,1011,40440,14.443785667419434,7.548985481262207,10.99638557434082,17.148216247558594,9.10468864440918,1.568182110786438,1.241797685623169,17.263168334960938,20.78067302703857,304,16.810115814208984,707,8.496562957763672,"oracle diagnostic: participant mean MAE descending, subject_uid ascending tie-break, first ceil(0.30*N)"
subject_lora_rank4,random_disjoint,personal_state_swapped,VitalDB,1040,41600,14.121505737304688,7.890711307525635,11.006108283996582,16.742570877075195,9.335402488708496,1.0052504539489746,0.4715286195278168,17.564027976989745,20.159377861022943,312,16.613048553466797,728,8.603135108947754,"oracle diagnostic: participant mean MAE descending, subject_uid ascending tie-break, first ceil(0.30*N)"
subject_lora_rank4,random_disjoint,personal_state_zero,Overall,2051,82040,9.732813835144045,5.265841960906982,7.499328136444092,12.14822769165039,6.608557224273682,1.6087639331817627,0.8958860635757446,10.865397453308104,12.288352966308594,616,10.661524772644045,1435,6.141897678375244,"oracle diagnostic: participant mean MAE descending, subject_uid ascending tie-break, first ceil(0.30*N)"
subject_lora_rank4,random_disjoint,personal_state_zero,MIMIC,1011,40440,9.886367797851562,5.317352771759033,7.601860523223877,12.25413703918457,6.620028018951416,2.3537817001342773,1.422267198562622,11.367393493652344,13.075664520263672,304,11.143731117248535,707,6.0789055824279785,"oracle diagnostic: participant mean MAE descending, subject_uid ascending tie-break, first ceil(0.30*N)"
subject_lora_rank4,random_disjoint,personal_state_zero,VitalDB,1040,41600,9.583540916442873,5.215768337249756,7.399654865264893,12.045269966125488,6.597406387329102,0.8845202922821045,0.384182870388031,10.35656623840332,11.660036802291868,312,10.177091598510742,728,6.209325313568115,"oracle diagnostic: participant mean MAE descending, subject_uid ascending tie-break, first ceil(0.30*N)"
subject_lora_rank4,random_disjoint,train_bp_mean,Overall,2051,82040,10.4163179397583,5.5423264503479,7.9793219566345215,13.036792755126951,7.041491985321045,0.1135265231132507,0.0458869412541389,11.882680892944336,13.458054065704346,616,11.590195655822754,1435,6.429288864135742,"oracle diagnostic: participant mean MAE descending, subject_uid ascending tie-break, first ceil(0.30*N)"
subject_lora_rank4,random_disjoint,train_bp_mean,MIMIC,1011,40440,9.97267246246338,5.220253944396973,7.596463203430176,12.387171745300291,6.627371311187744,0.0842943489551544,-0.0190467406064271,11.95863914489746,13.719141960144045,304,11.534255027770996,707,5.903268337249756,"oracle diagnostic: participant mean MAE descending, subject_uid ascending tie-break, first ceil(0.30*N)"
subject_lora_rank4,random_disjoint,train_bp_mean,VitalDB,1040,41600,10.847590446472168,5.855418205261231,8.3515043258667,13.668301582336426,7.444064617156982,0.14194355905056,0.1090099811553955,11.860822010040284,13.083154582977295,312,11.601758003234863,728,6.95853853225708,"oracle diagnostic: participant mean MAE descending, subject_uid ascending tie-break, first ceil(0.30*N)"
subject_lora_rank4,random_disjoint,train_bp_median,Overall,2051,82040,10.278189659118652,5.4471116065979,7.862650394439697,13.21804904937744,7.14065408706665,-0.4092828333377838,-0.4923302233219147,11.605000495910645,13.237483501434326,616,11.412726402282717,1435,6.338715553283691,"oracle diagnostic: participant mean MAE descending, subject_uid ascending tie-break, first ceil(0.30*N)"
subject_lora_rank4,random_disjoint,train_bp_median,MIMIC,1011,40440,9.833358764648438,5.101841449737549,7.467600345611572,12.582100868225098,6.749162673950195,-0.1620954722166061,-0.6697114706039429,11.489521026611328,13.338634490966797,304,11.285933494567873,707,5.825771331787109,"oracle diagnostic: participant mean MAE descending, subject_uid ascending tie-break, first ceil(0.30*N)"
subject_lora_rank4,random_disjoint,train_bp_median,VitalDB,1040,41600,10.710616111755373,5.782753467559815,8.246685028076172,13.836264610290527,7.521228313446045,-0.6495774388313293,-0.3198951184749603,11.681356525421144,13.182907342910768,312,11.484137535095217,728,6.8592047691345215,"oracle diagnostic: participant mean MAE descending, subject_uid ascending tie-break, first ceil(0.30*N)"
personal_profile_code32_no_support,random_disjoint,natural,Overall,2051,82040,5.235729217529297,2.910088062286377,4.072908401489258,6.967701435089111,4.014150619506836,-0.2299209237098693,-0.2104789763689041,5.978054046630859,6.913345813751221,616,5.827120780944824,1435,3.319880723953247,"oracle diagnostic: participant mean MAE descending, subject_uid ascending tie-break, first ceil(0.30*N)"
personal_profile_code32_no_support,random_disjoint,natural,MIMIC,1011,40440,5.590533256530762,3.0812418460845947,4.335887908935547,7.429727077484131,4.333802700042725,-0.0974422618746757,-0.3948468565940857,6.5152740478515625,7.347261190414429,304,6.309439182281494,707,3.487287998199463,"oracle diagnostic: participant mean MAE descending, subject_uid ascending tie-break, first ceil(0.30*N)"
personal_profile_code32_no_support,random_disjoint,natural,VitalDB,1040,41600,4.890818595886231,2.743706703186035,3.817262649536133,6.518560409545898,3.703411340713501,-0.358705461025238,-0.0312521196901798,5.417909526824952,6.063095641136168,312,5.274979114532471,728,3.1925265789031982,"oracle diagnostic: participant mean MAE descending, subject_uid ascending tie-break, first ceil(0.30*N)"
personal_profile_code32_no_support,random_disjoint,ppg_permuted_1,Overall,2051,82040,13.369983673095703,7.033548831939697,10.20176601409912,16.892887115478516,8.984724998474121,-0.2299205064773559,-0.210479587316513,15.407760620117188,17.669981002807617,616,15.00669288635254,1435,8.13916301727295,"oracle diagnostic: participant mean MAE descending, subject_uid ascending tie-break, first ceil(0.30*N)"
personal_profile_code32_no_support,random_disjoint,ppg_permuted_1,MIMIC,1011,40440,12.454066276550291,6.387320518493652,9.420693397521973,15.704360008239746,8.227046012878418,-0.0974422618746757,-0.3948468565940857,14.728992462158203,17.232150077819824,304,14.428184509277344,707,7.267543792724609,"oracle diagnostic: participant mean MAE descending, subject_uid ascending tie-break, first ceil(0.30*N)"
personal_profile_code32_no_support,random_disjoint,ppg_permuted_1,VitalDB,1040,41600,14.260360717773438,7.661757469177246,10.961058616638184,18.04827308654785,9.72127628326416,-0.3587046265602112,-0.0312533378601074,15.778044033050538,17.931540393829344,312,15.428129196166992,728,9.04659938812256,"oracle diagnostic: participant mean MAE descending, subject_uid ascending tie-break, first ceil(0.30*N)"
personal_profile_code32_no_support,random_disjoint,ppg_permuted_2,Overall,2051,82040,13.311424255371094,6.998274803161621,10.1548490524292,16.844375610351562,8.951902389526367,-0.2299202531576156,-0.2104781121015548,15.095691680908203,17.360852241516113,616,14.962413787841797,1435,8.09111499786377,"oracle diagnostic: participant mean MAE descending, subject_uid ascending tie-break, first ceil(0.30*N)"
personal_profile_code32_no_support,random_disjoint,ppg_permuted_2,MIMIC,1011,40440,12.39121913909912,6.346098899841309,9.368659973144531,15.6431884765625,8.172632217407227,-0.0974422618746757,-0.3948468565940857,14.75377082824707,17.193284034729004,304,14.38116455078125,707,7.213352680206299,"oracle diagnostic: participant mean MAE descending, subject_uid ascending tie-break, first ceil(0.30*N)"
personal_profile_code32_no_support,random_disjoint,ppg_permuted_2,VitalDB,1040,41600,14.205968856811523,7.632265567779541,10.919116020202637,18.01206398010254,9.709442138671877,-0.358704149723053,-0.0312504097819328,15.565668392181395,17.690892410278316,312,15.350141525268556,728,9.020106315612791,"oracle diagnostic: participant mean MAE descending, subject_uid ascending tie-break, first ceil(0.30*N)"
personal_profile_code32_no_support,random_disjoint,personal_state_swapped,Overall,2051,82040,14.601667404174805,7.914583206176758,11.25812530517578,16.842002868652344,9.156726837158203,0.6231834888458252,0.2604470551013946,19.26644325256348,22.50612068176269,616,18.34341812133789,1435,8.216633796691895,"oracle diagnostic: participant mean MAE descending, subject_uid ascending tie-break, first ceil(0.30*N)"
personal_profile_code32_no_support,random_disjoint,personal_state_swapped,MIMIC,1011,40440,14.572813987731934,7.688013076782227,11.130413055419922,16.96636390686035,9.027057647705078,0.5939162373542786,0.1093617752194404,18.204015731811523,21.21655941009521,304,17.839452743530273,707,8.245621681213379,"oracle diagnostic: participant mean MAE descending, subject_uid ascending tie-break, first ceil(0.30*N)"
personal_profile_code32_no_support,random_disjoint,personal_state_swapped,VitalDB,1040,41600,14.629715919494627,8.134836196899414,11.382275581359863,16.72110939025879,9.282780647277832,0.6516345143318176,0.4073192477226257,19.89093971252441,23.22814512252807,312,18.82503318786621,728,8.192523956298828,"oracle diagnostic: participant mean MAE descending, subject_uid ascending tie-break, first ceil(0.30*N)"
personal_profile_code32_no_support,random_disjoint,personal_state_zero,Overall,2051,82040,10.752279281616213,5.932461261749268,8.342370986938477,12.839329719543455,7.091044425964356,0.4045022130012512,0.1311401724815368,13.20791244506836,15.485379695892334,616,12.86862850189209,1435,6.3993916511535645,"oracle diagnostic: participant mean MAE descending, subject_uid ascending tie-break, first ceil(0.30*N)"
personal_profile_code32_no_support,random_disjoint,personal_state_zero,MIMIC,1011,40440,11.189791679382324,6.0932793617248535,8.641535758972168,13.42202854156494,7.335970878601074,1.7980830669403076,1.103228211402893,13.692724227905272,16.078770637512207,304,13.339468955993652,707,6.621490001678467,"oracle diagnostic: participant mean MAE descending, subject_uid ascending tie-break, first ceil(0.30*N)"
personal_profile_code32_no_support,random_disjoint,personal_state_zero,VitalDB,1040,41600,10.3269681930542,5.776127815246582,8.051547050476074,12.27287769317627,6.85294771194458,-0.9502192735671996,-0.8138415813446045,12.704820823669436,14.808349752426146,312,12.366719245910645,728,6.2021894454956055,"oracle diagnostic: participant mean MAE descending, subject_uid ascending tie-break, first ceil(0.30*N)"
personal_profile_code32_no_support,random_disjoint,train_bp_mean,Overall,2051,82040,10.4163179397583,5.5423264503479,7.9793219566345215,13.036792755126951,7.041491985321045,0.1135265231132507,0.0458869412541389,11.882680892944336,13.458054065704346,616,11.590195655822754,1435,6.429288864135742,"oracle diagnostic: participant mean MAE descending, subject_uid ascending tie-break, first ceil(0.30*N)"
personal_profile_code32_no_support,random_disjoint,train_bp_mean,MIMIC,1011,40440,9.97267246246338,5.220253944396973,7.596463203430176,12.387171745300291,6.627371311187744,0.0842943489551544,-0.0190467406064271,11.95863914489746,13.719141960144045,304,11.534255027770996,707,5.903268337249756,"oracle diagnostic: participant mean MAE descending, subject_uid ascending tie-break, first ceil(0.30*N)"
personal_profile_code32_no_support,random_disjoint,train_bp_mean,VitalDB,1040,41600,10.847590446472168,5.855418205261231,8.3515043258667,13.668301582336426,7.444064617156982,0.14194355905056,0.1090099811553955,11.860822010040284,13.083154582977295,312,11.601758003234863,728,6.95853853225708,"oracle diagnostic: participant mean MAE descending, subject_uid ascending tie-break, first ceil(0.30*N)"
personal_profile_code32_no_support,random_disjoint,train_bp_median,Overall,2051,82040,10.278189659118652,5.4471116065979,7.862650394439697,13.21804904937744,7.14065408706665,-0.4092828333377838,-0.4923302233219147,11.605000495910645,13.237483501434326,616,11.412726402282717,1435,6.338715553283691,"oracle diagnostic: participant mean MAE descending, subject_uid ascending tie-break, first ceil(0.30*N)"
personal_profile_code32_no_support,random_disjoint,train_bp_median,MIMIC,1011,40440,9.833358764648438,5.101841449737549,7.467600345611572,12.582100868225098,6.749162673950195,-0.1620954722166061,-0.6697114706039429,11.489521026611328,13.338634490966797,304,11.285933494567873,707,5.825771331787109,"oracle diagnostic: participant mean MAE descending, subject_uid ascending tie-break, first ceil(0.30*N)"
personal_profile_code32_no_support,random_disjoint,train_bp_median,VitalDB,1040,41600,10.710616111755373,5.782753467559815,8.246685028076172,13.836264610290527,7.521228313446045,-0.6495774388313293,-0.3198951184749603,11.681356525421144,13.182907342910768,312,11.484137535095217,728,6.8592047691345215,"oracle diagnostic: participant mean MAE descending, subject_uid ascending tie-break, first ceil(0.30*N)"
personal_profile_code32_no_support,chronological_blocked,natural,Overall,2051,82040,5.58433198928833,3.0381100177764893,4.311221122741699,6.643642425537109,3.6480562686920166,0.2637385427951813,-0.061802364885807,7.81407356262207,9.756621837615969,616,7.599102973937988,1435,2.8998379707336426,"oracle diagnostic: participant mean MAE descending, subject_uid ascending tie-break, first ceil(0.30*N)"
personal_profile_code32_no_support,chronological_blocked,natural,MIMIC,1011,40440,5.492869377136231,2.893422842025757,4.193145751953125,6.492412567138672,3.4424664974212646,0.2932078838348388,-0.0001833544956753,7.903791427612305,10.094656944274902,304,7.71815013885498,707,2.6774442195892334,"oracle diagnostic: participant mean MAE descending, subject_uid ascending tie-break, first ceil(0.30*N)"
personal_profile_code32_no_support,chronological_blocked,natural,VitalDB,1040,41600,5.673244953155518,3.178762912750244,4.426003932952881,6.790655136108398,3.8479135036468506,0.235090896487236,-0.1217031255364418,7.736254262924195,9.510804176330565,312,7.466713905334473,728,3.122842311859131,"oracle diagnostic: participant mean MAE descending, subject_uid ascending tie-break, first ceil(0.30*N)"
personal_profile_code32_no_support,chronological_blocked,ppg_permuted_1,Overall,2051,82040,7.449425220489502,4.03530216217041,5.742363452911377,9.049346923828123,4.93438720703125,0.2637382745742798,-0.0618031322956085,10.227262496948242,12.541385650634766,616,10.067774772644045,1435,3.885601758956909,"oracle diagnostic: participant mean MAE descending, subject_uid ascending tie-break, first ceil(0.30*N)"
personal_profile_code32_no_support,chronological_blocked,ppg_permuted_1,MIMIC,1011,40440,6.767077445983887,3.5181543827056885,5.142615795135498,8.160008430480957,4.253187656402588,0.2932078838348388,-0.0001833544956753,9.133848190307615,12.268476486206056,304,9.212810516357422,707,3.3924896717071533,"oracle diagnostic: participant mean MAE descending, subject_uid ascending tie-break, first ceil(0.30*N)"
personal_profile_code32_no_support,chronological_blocked,ppg_permuted_1,VitalDB,1040,41600,8.112746238708496,4.538029670715332,6.325387954711914,9.91388702392578,5.596590518951416,0.2350903898477554,-0.1217046380043029,10.753206825256347,12.70864205360412,312,10.725168228149414,728,4.439767837524414,"oracle diagnostic: participant mean MAE descending, subject_uid ascending tie-break, first ceil(0.30*N)"
personal_profile_code32_no_support,chronological_blocked,ppg_permuted_2,Overall,2051,82040,7.422955513000488,4.015483856201172,5.71921968460083,9.024338722229004,4.915796756744385,0.2637393176555633,-0.0618022084236145,10.168804168701172,12.197472095489502,616,9.982563972473145,1435,3.889101266860962,"oracle diagnostic: participant mean MAE descending, subject_uid ascending tie-break, first ceil(0.30*N)"
personal_profile_code32_no_support,chronological_blocked,ppg_permuted_2,MIMIC,1011,40440,6.760409832000732,3.5083563327789307,5.134383201599121,8.14883041381836,4.246332168579102,0.2932078838348388,-0.0001833544956753,9.086376190185549,11.958358764648438,304,9.163219451904297,707,3.402040958404541,"oracle diagnostic: participant mean MAE descending, subject_uid ascending tie-break, first ceil(0.30*N)"
personal_profile_code32_no_support,chronological_blocked,ppg_permuted_2,VitalDB,1040,41600,8.067026138305664,4.50847053527832,6.287747859954834,9.875433921813965,5.566593647003174,0.2350924462080001,-0.1217028275132179,10.781519412994385,12.485194683074946,312,10.600555419921877,728,4.439402103424072,"oracle diagnostic: participant mean MAE descending, subject_uid ascending tie-break, first ceil(0.30*N)"
personal_profile_code32_no_support,chronological_blocked,personal_state_swapped,Overall,2051,82040,14.341607093811035,7.796770095825195,11.069189071655272,15.310891151428224,8.341523170471191,1.3791956901550293,0.5177211165428162,21.33164596557617,26.1096134185791,616,20.533361434936523,1435,7.006519317626953,"oracle diagnostic: participant mean MAE descending, subject_uid ascending tie-break, first ceil(0.30*N)"
personal_profile_code32_no_support,chronological_blocked,personal_state_swapped,MIMIC,1011,40440,13.382014274597168,6.945236682891846,10.163625717163086,14.327401161193848,7.437687397003174,2.12178373336792,0.9597293734550476,20.456769943237305,24.97359943389893,304,18.982383728027344,707,6.371685028076172,"oracle diagnostic: participant mean MAE descending, subject_uid ascending tie-break, first ceil(0.30*N)"
personal_profile_code32_no_support,chronological_blocked,personal_state_swapped,VitalDB,1040,41600,15.274442672729492,8.624558448791504,11.949501037597656,16.266956329345703,9.2201566696167,0.6573142409324646,0.0880381762981414,22.69002704620361,27.315721416473384,312,21.8847599029541,728,7.691532135009766,"oracle diagnostic: participant mean MAE descending, subject_uid ascending tie-break, first ceil(0.30*N)"
personal_profile_code32_no_support,chronological_blocked,personal_state_zero,Overall,2051,82040,11.036130905151367,5.96514368057251,8.50063705444336,11.917922973632812,6.45721435546875,1.2499949932098389,0.5671318769454956,16.10567855834961,19.366777420043945,616,15.362897872924805,1435,5.554886341094971,"oracle diagnostic: participant mean MAE descending, subject_uid ascending tie-break, first ceil(0.30*N)"
personal_profile_code32_no_support,chronological_blocked,personal_state_zero,MIMIC,1011,40440,11.202800750732422,5.882693290710449,8.542746543884277,12.056280136108398,6.337014675140381,2.949981451034546,1.88206684589386,16.121421813964844,19.693490982055664,304,15.47934913635254,707,5.560105323791504,"oracle diagnostic: participant mean MAE descending, subject_uid ascending tie-break, first ceil(0.30*N)"
personal_profile_code32_no_support,chronological_blocked,personal_state_zero,VitalDB,1040,41600,10.87410831451416,6.045295715332031,8.459701538085938,11.783421516418455,6.574062347412109,-0.4025878310203552,-0.7111364603042603,16.06228256225586,18.871521186828613,312,15.246785163879396,728,5.550951957702637,"oracle diagnostic: participant mean MAE descending, subject_uid ascending tie-break, first ceil(0.30*N)"
personal_profile_code32_no_support,chronological_blocked,train_bp_mean,Overall,2051,82040,9.77730941772461,5.172101020812988,7.474704742431641,10.81284236907959,5.764459609985352,0.1546560376882553,-0.1511767506599426,14.54636573791504,18.38045597076416,616,13.82490062713623,1435,4.74876880645752,"oracle diagnostic: participant mean MAE descending, subject_uid ascending tie-break, first ceil(0.30*N)"
personal_profile_code32_no_support,chronological_blocked,train_bp_mean,MIMIC,1011,40440,9.161750793457031,4.623885154724121,6.892817974090576,10.091065406799316,5.121926307678223,0.9665374755859376,0.3358246684074402,14.3082275390625,17.224123001098633,304,13.298664093017578,707,4.138394832611084,"oracle diagnostic: participant mean MAE descending, subject_uid ascending tie-break, first ceil(0.30*N)"
personal_profile_code32_no_support,chronological_blocked,train_bp_mean,VitalDB,1040,41600,10.375701904296877,5.70503044128418,8.040366172790527,11.51449489593506,6.38907527923584,-0.6345863342285156,-0.6245983242988586,14.753382682800297,19.42040224075317,312,14.220099449157717,728,5.391908645629883,"oracle diagnostic: participant mean MAE descending, subject_uid ascending tie-break, first ceil(0.30*N)"
personal_profile_code32_no_support,chronological_blocked,train_bp_median,Overall,2051,82040,9.83351707458496,5.17475175857544,7.504133701324463,10.89926052093506,5.783690929412842,-0.2399400621652603,-0.5180511474609375,15.07591152191162,19.47416591644287,616,14.350736618041992,1435,4.565104961395264,"oracle diagnostic: participant mean MAE descending, subject_uid ascending tie-break, first ceil(0.30*N)"
personal_profile_code32_no_support,chronological_blocked,train_bp_median,MIMIC,1011,40440,9.24740982055664,4.635263919830322,6.941336631774902,10.207962036132812,5.149626731872559,0.600038468837738,-0.1001902520656585,14.924419403076172,18.87846851348877,304,13.802411079406738,707,3.991170883178711,"oracle diagnostic: participant mean MAE descending, subject_uid ascending tie-break, first ceil(0.30*N)"
personal_profile_code32_no_support,chronological_blocked,train_bp_median,VitalDB,1040,41600,10.403281211853027,5.699196815490723,8.051239013671875,11.571284294128418,6.400073528289795,-1.056496262550354,-0.9242600798606871,15.318270683288574,20.07225646972656,312,14.758119583129885,728,5.176862239837647,"oracle diagnostic: participant mean MAE descending, subject_uid ascending tie-break, first ceil(0.30*N)"
subject_lora_rank4,chronological_blocked,natural,Overall,2051,82040,4.878872871398926,2.71006178855896,3.794467210769653,5.853515625,3.2865397930145264,0.0704422742128372,0.0209950301796197,7.119137763977051,9.002382755279541,616,6.973379135131836,1435,2.429861068725586,"oracle diagnostic: participant mean MAE descending, subject_uid ascending tie-break, first ceil(0.30*N)"
subject_lora_rank4,chronological_blocked,natural,MIMIC,1011,40440,4.631188869476318,2.5143344402313232,3.5727617740631104,5.549771785736084,3.034802198410034,0.1424083113670349,0.0031430502422153,6.714534759521484,9.302202224731444,304,6.780691146850586,707,2.193397521972656,"oracle diagnostic: participant mean MAE descending, subject_uid ascending tie-break, first ceil(0.30*N)"
subject_lora_rank4,chronological_blocked,natural,VitalDB,1040,41600,5.119649887084961,2.9003310203552246,4.009990692138672,6.148789405822754,3.5312578678131104,0.0004829993704333,0.0383492186665535,7.233650588989258,8.976007795333862,312,7.125245094299316,728,2.674881219863892,"oracle diagnostic: participant mean MAE descending, subject_uid ascending tie-break, first ceil(0.30*N)"
subject_lora_rank4,chronological_blocked,ppg_permuted_1,Overall,2051,82040,7.007707595825195,3.804985046386719,5.406346797943115,8.573589324951172,4.691946029663086,0.0704464539885521,0.0209962539374828,10.09396266937256,12.64618730545044,616,9.78031063079834,1435,3.528742551803589,"oracle diagnostic: participant mean MAE descending, subject_uid ascending tie-break, first ceil(0.30*N)"
subject_lora_rank4,chronological_blocked,ppg_permuted_1,MIMIC,1011,40440,6.207293510437012,3.2600457668304443,4.733669757843018,7.580451488494873,3.993804931640625,0.1424083113670349,0.0031430502422153,8.702362060546875,12.0423846244812,304,8.656039237976074,707,3.0471057891845703,"oracle diagnostic: participant mean MAE descending, subject_uid ascending tie-break, first ceil(0.30*N)"
subject_lora_rank4,chronological_blocked,ppg_permuted_1,VitalDB,1040,41600,7.785803318023682,4.334729194641113,6.060266017913818,9.539032936096191,5.370619773864746,0.0004912229487672,0.0383516401052475,10.89213094711304,12.83604855537414,312,10.650521278381348,728,4.093014240264893,"oracle diagnostic: participant mean MAE descending, subject_uid ascending tie-break, first ceil(0.30*N)"
subject_lora_rank4,chronological_blocked,ppg_permuted_2,Overall,2051,82040,6.978918552398682,3.790290594100952,5.384604454040527,8.545814514160156,4.673163414001465,0.0704464539885521,0.0209974739700555,10.018287658691406,12.507838249206545,616,9.714061737060549,1435,3.5261058807373047,"oracle diagnostic: participant mean MAE descending, subject_uid ascending tie-break, first ceil(0.30*N)"
subject_lora_rank4,chronological_blocked,ppg_permuted_2,MIMIC,1011,40440,6.221583843231201,3.259293794631958,4.740438938140869,7.58801794052124,3.991434574127197,0.1424083113670349,0.0031430502422153,8.77001667022705,12.28042697906494,304,8.658785820007324,707,3.055605411529541,"oracle diagnostic: participant mean MAE descending, subject_uid ascending tie-break, first ceil(0.30*N)"
subject_lora_rank4,chronological_blocked,ppg_permuted_2,VitalDB,1040,41600,7.71513557434082,4.306480884552002,6.010807991027832,9.47690200805664,5.335883140563965,0.0004912229487672,0.0383540503680706,10.772093391418458,12.833828353881836,312,10.515186309814451,728,4.080360412597656,"oracle diagnostic: participant mean MAE descending, subject_uid ascending tie-break, first ceil(0.30*N)"
subject_lora_rank4,chronological_blocked,personal_state_swapped,Overall,2051,82040,13.409714698791504,7.162697792053223,10.286205291748049,14.45954704284668,7.744415283203125,1.5409905910491943,0.8016462326049805,19.837831497192383,23.686723709106445,616,18.75977897644043,1435,6.648769378662109,"oracle diagnostic: participant mean MAE descending, subject_uid ascending tie-break, first ceil(0.30*N)"
subject_lora_rank4,chronological_blocked,personal_state_swapped,MIMIC,1011,40440,12.598992347717283,6.443092346191406,9.521041870117188,13.573017120361328,6.9481730461120605,3.1526553630828857,1.7567580938339231,18.445995330810547,22.07310962677002,304,17.42474937438965,707,6.122560024261475,"oracle diagnostic: participant mean MAE descending, subject_uid ascending tie-break, first ceil(0.30*N)"
subject_lora_rank4,chronological_blocked,personal_state_swapped,VitalDB,1040,41600,14.197829246520996,7.862236022949219,11.030033111572266,15.321356773376465,8.518454551696777,-0.025733508169651,-0.1268327236175537,21.193123054504397,25.08149452209472,312,19.96015739440918,728,7.202836513519287,"oracle diagnostic: participant mean MAE descending, subject_uid ascending tie-break, first ceil(0.30*N)"
subject_lora_rank4,chronological_blocked,personal_state_zero,Overall,2051,82040,9.474527359008787,5.115943908691406,7.295236110687256,10.369362831115724,5.62211799621582,1.4603711366653442,0.630120038986206,13.816614151000977,16.941819190979004,616,13.159005165100098,1435,4.77810525894165,"oracle diagnostic: participant mean MAE descending, subject_uid ascending tie-break, first ceil(0.30*N)"
subject_lora_rank4,chronological_blocked,personal_state_zero,MIMIC,1011,40440,9.477246284484863,4.940700531005859,7.208973884582519,10.30662441253662,5.3674397468566895,2.8935935497283936,1.6334377527236938,13.838064193725586,17.06779670715332,304,13.23504638671875,707,4.617847919464111,"oracle diagnostic: participant mean MAE descending, subject_uid ascending tie-break, first ceil(0.30*N)"
subject_lora_rank4,chronological_blocked,personal_state_zero,VitalDB,1040,41600,9.471884727478027,5.286300659179688,7.379092216491699,10.430354118347168,5.869694709777832,0.0671138167381286,-0.3452204167842865,13.645092391967776,16.706747341156003,312,13.07345485687256,728,4.938651084899902,"oracle diagnostic: participant mean MAE descending, subject_uid ascending tie-break, first ceil(0.30*N)"
subject_lora_rank4,chronological_blocked,train_bp_mean,Overall,2051,82040,9.77730941772461,5.172101020812988,7.474704742431641,10.81284236907959,5.764459609985352,0.1546560376882553,-0.1511767506599426,14.54636573791504,18.38045597076416,616,13.82490062713623,1435,4.74876880645752,"oracle diagnostic: participant mean MAE descending, subject_uid ascending tie-break, first ceil(0.30*N)"
subject_lora_rank4,chronological_blocked,train_bp_mean,MIMIC,1011,40440,9.161750793457031,4.623885154724121,6.892817974090576,10.091065406799316,5.121926307678223,0.9665374755859376,0.3358246684074402,14.3082275390625,17.224123001098633,304,13.298664093017578,707,4.138394832611084,"oracle diagnostic: participant mean MAE descending, subject_uid ascending tie-break, first ceil(0.30*N)"
subject_lora_rank4,chronological_blocked,train_bp_mean,VitalDB,1040,41600,10.375701904296877,5.70503044128418,8.040366172790527,11.51449489593506,6.38907527923584,-0.6345863342285156,-0.6245983242988586,14.753382682800297,19.42040224075317,312,14.220099449157717,728,5.391908645629883,"oracle diagnostic: participant mean MAE descending, subject_uid ascending tie-break, first ceil(0.30*N)"
subject_lora_rank4,chronological_blocked,train_bp_median,Overall,2051,82040,9.83351707458496,5.17475175857544,7.504133701324463,10.89926052093506,5.783690929412842,-0.2399400621652603,-0.5180511474609375,15.07591152191162,19.47416591644287,616,14.350736618041992,1435,4.565104961395264,"oracle diagnostic: participant mean MAE descending, subject_uid ascending tie-break, first ceil(0.30*N)"
subject_lora_rank4,chronological_blocked,train_bp_median,MIMIC,1011,40440,9.24740982055664,4.635263919830322,6.941336631774902,10.207962036132812,5.149626731872559,0.600038468837738,-0.1001902520656585,14.924419403076172,18.87846851348877,304,13.802411079406738,707,3.991170883178711,"oracle diagnostic: participant mean MAE descending, subject_uid ascending tie-break, first ceil(0.30*N)"
subject_lora_rank4,chronological_blocked,train_bp_median,VitalDB,1040,41600,10.403281211853027,5.699196815490723,8.051239013671875,11.571284294128418,6.400073528289795,-1.056496262550354,-0.9242600798606871,15.318270683288574,20.07225646972656,312,14.758119583129885,728,5.176862239837647,"oracle diagnostic: participant mean MAE descending, subject_uid ascending tie-break, first ceil(0.30*N)"
