split_mode,Scope,Setting,BP,MAE,R²,ME,STD,≤5 mmHg,≤10 mmHg,≤15 mmHg,AAMI,BHS
chronological_blocked,MIMIC,cnn_bilstm_adaptation,DBP,5.8585431261185255,0.5583171097618053,-0.084559040088446,8.590409207856037,59.50544015825915,82.2700296735905,91.78536102868448,FAIL*,PASS (Grade B)*
chronological_blocked,MIMIC,cnn_bilstm_adaptation,SBP,10.527290802775456,0.5638888069802738,0.4200457801215136,14.959542817757542,37.84124629080119,62.45796241345203,76.59000989119683,FAIL*,FAIL (Grade D)*
chronological_blocked,MIMIC,cnn_transformer_aff_adaptation,DBP,5.99524313056976,0.5389847164156116,0.2893725775823395,8.772049753690704,59.2482690405539,81.8051434223541,91.3402571711177,FAIL*,PASS (Grade B)*
chronological_blocked,MIMIC,cnn_transformer_aff_adaptation,SBP,10.587283800617524,0.5445768137128945,0.7155970674358183,15.276449933917432,37.92284866468843,63.51632047477744,77.0326409495549,FAIL*,FAIL (Grade D)*
chronological_blocked,MIMIC,compact_resnet,DBP,5.292560815716827,0.6347733881655917,0.1549536337602504,7.810437417045258,63.55093966369931,85.09396636993077,93.4891196834817,PASS*,PASS (Grade B)*
chronological_blocked,MIMIC,compact_resnet,SBP,9.326133613227972,0.6515499811259098,1.077668491952143,13.333592104415878,41.93372898120673,67.48021760633036,80.85558852621168,FAIL*,FAIL (Grade D)*
chronological_blocked,MIMIC,inception_time_wide,DBP,4.861703838438945,0.6686083113567947,0.101382285456747,7.440636669453226,67.96241345202769,86.79030662710187,93.98367952522256,PASS*,PASS (Grade B)*
chronological_blocked,MIMIC,inception_time_wide,SBP,8.551533543108478,0.6882797448481026,0.5294005086466773,12.64133220488636,46.31552917903066,71.67655786350149,83.59792284866468,FAIL*,FAIL (Grade D)*
chronological_blocked,MIMIC,patch_transformer,DBP,5.681048930929394,0.5691450319220848,-0.2146357606119972,8.482154040022534,61.67161226508407,83.43966369930762,92.05242334322452,FAIL*,PASS (Grade B)*
chronological_blocked,MIMIC,patch_transformer,SBP,10.03830111104586,0.5843050529598852,0.2810168328554057,14.608239244874984,40.15084075173096,65.26953511374877,78.70919881305637,FAIL*,FAIL (Grade D)*
chronological_blocked,MIMIC,runet_resunet_encoder_adaptation,DBP,5.321972177148926,0.6241274249162833,-0.0615867161963035,7.92477259500484,64.11721068249258,85.0593471810089,93.17012858555886,PASS*,PASS (Grade B)*
chronological_blocked,MIMIC,runet_resunet_encoder_adaptation,SBP,9.415723863765818,0.6305096646782302,-0.2035066707433744,13.773521300705587,41.8545994065282,67.90059347181008,81.03857566765579,FAIL*,FAIL (Grade D)*
chronological_blocked,MIMIC,self_attention_resunet_adaptation,DBP,5.141425867203317,0.6462977055071002,0.0238905805744356,7.687700314159037,65.26706231454006,85.88278931750742,93.70178041543026,PASS*,PASS (Grade B)*
chronological_blocked,MIMIC,self_attention_resunet_adaptation,SBP,8.887821849894689,0.6667480830079556,0.3065472879230563,13.078499015732868,44.74777448071217,70.02720079129575,82.40850642927794,FAIL*,FAIL (Grade D)*
chronological_blocked,MIMIC,subject_mean_residual_ppg,DBP,3.8558214396090937,0.7951853125281443,-0.1820879765481317,5.847223157471007,74.96043521266074,92.4381800197824,97.324431256182,PASS*,PASS (Grade A)*
chronological_blocked,MIMIC,subject_mean_residual_ppg,SBP,7.434060808459092,0.7817137685132376,-0.040597752175864,10.58768039551054,48.44213649851632,75.12363996043521,87.64342235410484,FAIL*,FAIL (Grade C)*
chronological_blocked,MIMIC,subject_train_mean,DBP,4.623885811300229,0.731006222254384,0.3358246699865159,6.695841604055625,67.26261127596439,89.46340257171119,96.16963402571712,PASS*,PASS (Grade A)*
chronological_blocked,MIMIC,subject_train_mean,SBP,9.161750913701214,0.6888667553992982,0.9665373132053988,12.603486649453831,39.92581602373888,66.24629080118694,81.34767556874381,FAIL*,FAIL (Grade D)*
chronological_blocked,Overall,cnn_bilstm_adaptation,DBP,6.356920265698073,0.4786223785747159,-0.2059615405346346,8.979107117759984,54.63554363725012,79.3344709897611,90.50706972208678,FAIL*,PASS (Grade B)*
chronological_blocked,Overall,cnn_bilstm_adaptation,SBP,10.632095566056288,0.5003368362482593,0.4829618928259259,14.52188067209135,34.964651389566065,59.76840565577767,75.53022915650902,FAIL*,FAIL (Grade D)*
chronological_blocked,Overall,cnn_transformer_aff_adaptation,DBP,6.559291616269636,0.4474981208452625,-0.3175261775555696,9.240208924751592,53.78961482203803,78.36299366162848,89.71111652852267,FAIL*,FAIL (Grade C)*
chronological_blocked,Overall,cnn_transformer_aff_adaptation,SBP,10.74099228732008,0.4790383766520497,0.3758158797232016,14.831590758599566,35.07557289127255,60.326669917113605,75.4327157484154,FAIL*,FAIL (Grade D)*
chronological_blocked,Overall,compact_resnet,DBP,5.903383500444662,0.5419955682847828,0.0238178371046299,8.417910103408785,57.88761579717211,81.74914675767918,91.92101413944415,FAIL*,PASS (Grade B)*
chronological_blocked,Overall,compact_resnet,SBP,9.686907961588265,0.5766168986072464,1.0174527847609944,13.336157916393958,38.60799609946368,64.29302779132131,78.9785470502194,FAIL*,FAIL (Grade D)*
chronological_blocked,Overall,inception_time_wide,DBP,5.561954600819142,0.5701100318689352,-0.2590604165540794,8.151370184153539,61.52486591906388,83.42272062408581,92.36470014627012,FAIL*,PASS (Grade B)*
chronological_blocked,Overall,inception_time_wide,SBP,9.124545158077485,0.6037831431170084,0.1519943740413225,12.937809486068147,42.3122866894198,67.57191613846904,81.11287176986835,FAIL*,FAIL (Grade D)*
chronological_blocked,Overall,patch_transformer,DBP,6.287960545415706,0.4823160778355407,-0.5339695596160219,8.933654043893776,55.61555338859093,79.78059483178937,90.59361287176986,FAIL*,PASS (Grade B)*
chronological_blocked,Overall,patch_transformer,SBP,10.2316948750727,0.5224693585923891,0.0288776135456265,14.20443521362632,37.0099951243296,62.11482203803023,77.09653827401267,FAIL*,FAIL (Grade D)*
chronological_blocked,Overall,runet_resunet_encoder_adaptation,DBP,5.899818957671487,0.5397383721420963,-0.4637360114112009,8.42590969518779,58.24110190151146,81.94417357386641,91.94173573866406,FAIL*,PASS (Grade B)*
chronological_blocked,Overall,runet_resunet_encoder_adaptation,SBP,9.723010307006986,0.561920548194258,-0.3867891378602651,13.599567733059049,38.88712823013165,64.61238420282788,79.02974158946854,FAIL*,FAIL (Grade D)*
chronological_blocked,Overall,self_attention_resunet_adaptation,DBP,5.750182046081194,0.5591499907284782,-0.0374847698769646,8.258708461655763,59.24914675767919,82.59263773768893,92.41955143832276,FAIL*,PASS (Grade B)*
chronological_blocked,Overall,self_attention_resunet_adaptation,SBP,9.358027239324755,0.5921575850447105,0.2549066038145663,13.124674597956458,40.524134568503165,66.25304729400293,80.23159434422233,FAIL*,FAIL (Grade D)*
chronological_blocked,Overall,subject_mean_residual_ppg,DBP,4.371625224977863,0.7417524884752893,-0.3141062780219366,6.313241199715972,68.88712823013165,90.16942954656264,96.94539249146756,PASS*,PASS (Grade A)*
chronological_blocked,Overall,subject_mean_residual_ppg,SBP,8.036088968264888,0.7075401301491722,-0.1278359827909279,11.11549140890485,44.61725987323257,71.282301316431,85.01828376401755,FAIL*,FAIL (Grade C)*
chronological_blocked,Overall,subject_train_mean,DBP,5.1721013018839646,0.6636214043288918,-0.1511767533393044,7.212568967778264,60.984885421745496,87.03924914675768,95.3839590443686,PASS*,PASS (Grade A)*
chronological_blocked,Overall,subject_train_mean,SBP,9.777309056448148,0.5910816170166102,0.1546560477802391,13.143544491785958,36.17503656752803,62.319600195026815,78.83105802047781,FAIL*,FAIL (Grade D)*
chronological_blocked,VitalDB,cnn_bilstm_adaptation,DBP,6.841400350423959,0.3677691369752378,-0.3239787789491506,9.340066678229393,49.90144230769231,76.48076923076923,89.26442307692307,FAIL*,FAIL (Grade C)*
chronological_blocked,VitalDB,cnn_bilstm_adaptation,SBP,10.733977888822556,0.3714524088072849,0.5441236139260806,14.083302056260068,32.16826923076923,57.15384615384615,74.5,FAIL*,FAIL (Grade D)*
chronological_blocked,VitalDB,cnn_transformer_aff_adaptation,DBP,7.1076118268874975,0.3217563857693052,-0.9075017943290564,9.63715872591562,48.48317307692307,75.01682692307692,88.12740384615385,FAIL*,FAIL (Grade C)*
chronological_blocked,VitalDB,cnn_transformer_aff_adaptation,SBP,10.890414671989587,0.3458014808338555,0.0455093597448789,14.378445174479788,32.30769230769231,57.22596153846153,73.87740384615384,FAIL*,FAIL (Grade D)*
chronological_blocked,VitalDB,compact_resnet,DBP,6.497173629540663,0.4178437823362095,-0.1036612882980933,8.967347551903083,52.38221153846154,78.49759615384615,90.3966346153846,FAIL*,PASS (Grade B)*
chronological_blocked,VitalDB,compact_resnet,SBP,10.037622256003893,0.4341028518138421,0.9589161694049836,13.338551392443154,35.375,61.19471153846155,77.15384615384615,FAIL*,FAIL (Grade D)*
chronological_blocked,VitalDB,inception_time_wide,DBP,6.242679140017583,0.4401569053793006,-0.6094523124511425,8.773260523704003,55.26682692307693,80.14903846153845,90.7908653846154,FAIL*,PASS (Grade B)*
chronological_blocked,VitalDB,inception_time_wide,SBP,9.68157856455216,0.4477103747781071,-0.2148879356567676,13.209467357266302,38.42067307692308,63.58173076923077,78.69711538461537,FAIL*,FAIL (Grade D)*
chronological_blocked,VitalDB,patch_transformer,DBP,6.8779486629596125,0.3631959704833992,-0.8443988584555112,9.34133610972345,49.72836538461539,76.2235576923077,89.17548076923076,FAIL*,FAIL (Grade C)*
chronological_blocked,VitalDB,patch_transformer,SBP,10.419695928371867,0.3975581315458403,-0.2162308006103222,13.796329569982548,33.95673076923077,59.04807692307692,75.52884615384615,FAIL*,FAIL (Grade D)*
chronological_blocked,VitalDB,runet_resunet_encoder_adaptation,DBP,6.461552702967937,0.4253757827501939,-0.8546715282018368,8.86865557590096,52.52884615384615,78.91586538461539,90.74759615384616,FAIL*,PASS (Grade B)*
chronological_blocked,VitalDB,runet_resunet_encoder_adaptation,SBP,10.021728185965465,0.4285902389151809,-0.564960843874858,13.426072375320484,36.00240384615385,61.41586538461539,77.07692307692308,FAIL*,FAIL (Grade D)*
chronological_blocked,VitalDB,self_attention_resunet_adaptation,DBP,6.341963293048051,0.4421822672166788,-0.0971486922869315,8.777944079547945,53.39903846153846,79.39423076923077,91.17307692307692,FAIL*,PASS (Grade B)*
chronological_blocked,VitalDB,self_attention_resunet_adaptation,SBP,9.81512113231879,0.4510708319169327,0.2047059003206399,13.1693704728218,36.418269230769226,62.58413461538461,78.11538461538461,FAIL*,FAIL (Grade D)*
chronological_blocked,VitalDB,subject_mean_residual_ppg,DBP,4.873046020177695,0.6704325022665731,-0.4424432999354142,6.733017788171599,62.98317307692308,87.9639423076923,96.57692307692308,PASS*,PASS (Grade A)*
chronological_blocked,VitalDB,subject_mean_residual_ppg,SBP,8.621329804383791,0.5736908299530704,-0.2126416088984563,11.605096771502714,40.89903846153846,67.54807692307693,82.46634615384615,FAIL*,FAIL (Grade D)*
chronological_blocked,VitalDB,subject_train_mean,DBP,5.705030014364883,0.5733269397844357,-0.624598329283924,7.652068644471732,54.88221153846153,84.6826923076923,94.6201923076923,PASS*,PASS (Grade B)*
chronological_blocked,VitalDB,subject_train_mean,SBP,10.375702597137716,0.4132924385057012,-0.634586220820565,13.601851132607926,32.52884615384615,58.50240384615385,76.38461538461539,FAIL*,FAIL (Grade D)*
random_disjoint,MIMIC,cnn_bilstm_adaptation,DBP,6.173830529513864,0.5286960129450552,-0.4839040433146008,9.1151251414602,56.78783382789317,81.34520276953512,91.53066271018794,FAIL*,PASS (Grade B)*
random_disjoint,MIMIC,cnn_bilstm_adaptation,SBP,10.722160845434866,0.5595353866371792,0.0555732733653867,15.104708404736211,36.36251236399604,61.1003956478734,76.01137487636004,FAIL*,FAIL (Grade D)*
random_disjoint,MIMIC,cnn_transformer_aff_adaptation,DBP,6.587941751046185,0.4844772533406393,-0.6085675112689403,9.52714772932398,53.40999010880317,79.29277942631059,90.5291790306627,FAIL*,PASS (Grade B)*
random_disjoint,MIMIC,cnn_transformer_aff_adaptation,SBP,11.510768362416949,0.5068845635659954,-0.805888541115026,15.961776751718148,33.647378832838776,57.76953511374876,72.81899109792285,FAIL*,FAIL (Grade D)*
random_disjoint,MIMIC,compact_resnet,DBP,5.627171359453664,0.6001556435972673,-0.6220721862672227,8.38448989318838,60.70722057368941,84.25568743818002,93.07616221562807,FAIL*,PASS (Grade B)*
random_disjoint,MIMIC,compact_resnet,SBP,9.719165574289809,0.6336046402515882,-0.7159221592572039,13.7577533087363,39.42878338278932,65.0544015825915,79.46340257171117,FAIL*,FAIL (Grade D)*
random_disjoint,MIMIC,inception_time_wide,DBP,4.726775073250488,0.6817042479736889,-0.2962021607909311,7.495486084273281,69.38921859545005,88.35558852621168,94.72304648862512,PASS*,PASS (Grade B)*
random_disjoint,MIMIC,inception_time_wide,SBP,8.262926876886898,0.705530736976515,0.0760489557192658,12.35012986784321,47.33679525222552,72.86844708209694,84.8837784371909,FAIL*,FAIL (Grade D)*
random_disjoint,MIMIC,patch_transformer,DBP,5.606394621361375,0.5883948149193842,-0.7810888850724308,8.494450087920782,61.86449060336301,84.48565776458952,92.83630069238376,FAIL*,PASS (Grade B)*
random_disjoint,MIMIC,patch_transformer,SBP,9.78342166366728,0.6118778156766249,0.4780035353791702,14.170888143082452,40.18793273986152,65.98664688427299,79.79723046488625,FAIL*,FAIL (Grade D)*
random_disjoint,MIMIC,runet_resunet_encoder_adaptation,DBP,5.518764082968058,0.6019103577344361,-0.6421640376308905,8.36445224814744,62.35905044510386,84.99505440158259,93.12067260138475,FAIL*,PASS (Grade B)*
random_disjoint,MIMIC,runet_resunet_encoder_adaptation,SBP,9.520068139114908,0.6355177740600395,-0.909826392353937,13.710198713857414,40.9915924826904,66.6271018793274,80.3560830860534,FAIL*,FAIL (Grade D)*
random_disjoint,MIMIC,self_attention_resunet_adaptation,DBP,5.204518870665931,0.642977845039121,-0.1148955908302737,7.943746708876164,64.55736894164194,86.42680514342236,94.17655786350149,PASS*,PASS (Grade B)*
random_disjoint,MIMIC,self_attention_resunet_adaptation,SBP,8.923062373575425,0.6723057741147497,-0.1461505399377598,13.027672734701646,43.87734915924827,69.16913946587538,82.33679525222551,FAIL*,FAIL (Grade D)*
random_disjoint,MIMIC,subject_mean_residual_ppg,DBP,4.1324055461808085,0.7768541627841761,-0.1014858743439324,6.280018458855752,72.34174085064294,91.95845697329376,97.12413452027695,PASS*,PASS (Grade A)*
random_disjoint,MIMIC,subject_mean_residual_ppg,SBP,7.66991236514083,0.7749815753520617,0.449183599602221,10.786798975617897,46.62215628090999,73.50395647873393,86.89910979228486,FAIL*,FAIL (Grade C)*
random_disjoint,MIMIC,subject_train_mean,DBP,5.220253947298642,0.6857787545208383,-0.0190466726190547,7.453145198844542,61.14490603363007,86.9238377843719,95.37833827893176,PASS*,PASS (Grade A)*
random_disjoint,MIMIC,subject_train_mean,SBP,9.972672898218764,0.6520447443954556,0.0842944840740471,13.424957293231428,35.26953511374876,61.63204747774481,78.00445103857567,FAIL*,FAIL (Grade D)*
random_disjoint,Overall,cnn_bilstm_adaptation,DBP,6.216169720798048,0.5222795067464207,-0.3892135340431619,8.857110402764734,55.159678205753295,80.61555338859094,91.54558751828375,FAIL*,PASS (Grade B)*
random_disjoint,Overall,cnn_bilstm_adaptation,SBP,10.16499303443905,0.5539336106643684,-0.1261817388567094,14.13441864735664,37.001462701121405,62.30497318381277,77.58410531448075,FAIL*,FAIL (Grade D)*
random_disjoint,Overall,cnn_transformer_aff_adaptation,DBP,6.578798186935953,0.4817510386210253,-0.5818761564242672,9.215720507564008,52.26352998537299,78.71038517796197,90.60580204778157,FAIL*,PASS (Grade B)*
random_disjoint,Overall,cnn_transformer_aff_adaptation,SBP,10.782045757427616,0.5095800013816588,-0.7459305149470813,14.802288001666051,34.431984397854706,59.49414919551438,75.22671867381764,FAIL*,FAIL (Grade D)*
random_disjoint,Overall,compact_resnet,DBP,5.765808157709271,0.5809947799836919,-0.2887226855911783,8.297954055688132,58.48488542174549,83.18503169185763,92.74622135543638,FAIL*,PASS (Grade B)*
random_disjoint,Overall,compact_resnet,SBP,9.45502270633915,0.6101363534632478,-0.2444457100171219,13.212273571881829,39.43807898586056,65.408337396392,80.19746465138957,FAIL*,FAIL (Grade D)*
random_disjoint,Overall,inception_time_wide,DBP,4.95696628657508,0.6584360992253194,-0.1936287231064029,7.494024474847717,66.30424183325208,86.94539249146757,94.33568990736228,PASS*,PASS (Grade B)*
random_disjoint,Overall,inception_time_wide,SBP,8.210864790726266,0.679110427235952,0.1079495170533744,11.988247528279718,46.72598732325695,72.21477328132619,84.67089224768407,FAIL*,FAIL (Grade D)*
random_disjoint,Overall,patch_transformer,DBP,5.746225201589546,0.5732611736782869,-0.6508974698158313,8.353930191104537,59.484397854705016,83.28863968795709,92.6840565577767,FAIL*,PASS (Grade B)*
random_disjoint,Overall,patch_transformer,SBP,9.4143312234288,0.6011105132691836,0.2093443214922402,13.364986652543482,40.17064846416382,66.4297903461726,80.64724524622136,FAIL*,FAIL (Grade D)*
random_disjoint,Overall,runet_resunet_encoder_adaptation,DBP,5.698422201710873,0.5814462184181601,-0.2898146876005473,8.293439217949375,59.781813749390544,83.56045831301803,92.7620672842516,FAIL*,PASS (Grade B)*
random_disjoint,Overall,runet_resunet_encoder_adaptation,SBP,9.306571801565497,0.6122267800666703,-0.3064437811808258,13.175496002509249,40.70941004388104,66.56630911750365,80.76669917113604,FAIL*,FAIL (Grade D)*
random_disjoint,Overall,self_attention_resunet_adaptation,DBP,5.33429491951197,0.6281232896160582,-0.0796354336368927,7.821697666080985,62.28912725499757,85.46075085324232,94.01511457825453,PASS*,PASS (Grade B)*
random_disjoint,Overall,self_attention_resunet_adaptation,SBP,8.728047950740908,0.6514420959568763,-0.0660926555668883,12.494730617758847,43.499512432959534,69.29790346172598,82.83032666991711,FAIL*,FAIL (Grade D)*
random_disjoint,Overall,subject_mean_residual_ppg,DBP,4.169335447875888,0.7760697549371327,-0.0133769274804139,6.0698696729263935,70.9361287176987,91.78205753291078,97.40736226231108,PASS*,PASS (Grade A)*
random_disjoint,Overall,subject_mean_residual_ppg,SBP,7.648508361070578,0.74502291806229,0.2882047089177303,10.68287359070115,46.39200390053632,73.40199902486592,86.95514383227693,FAIL*,FAIL (Grade C)*
random_disjoint,Overall,subject_train_mean,DBP,5.542326513970697,0.6433196997456653,0.0458869414498482,7.660477014484551,57.56216479765968,84.82081911262799,94.76352998537298,PASS*,PASS (Grade B)*
random_disjoint,Overall,subject_train_mean,SBP,10.416317144282363,0.5657813252508493,0.1135266298963408,13.945540906631416,33.40321794246709,59.19185763042418,76.39200390053632,FAIL*,FAIL (Grade D)*
random_disjoint,VitalDB,cnn_bilstm_adaptation,DBP,6.257328300017577,0.5069360222771098,-0.2971634332033304,8.597982661804524,53.57692307692308,79.90625,91.56009615384616,FAIL*,PASS (Grade B)*
random_disjoint,VitalDB,cnn_bilstm_adaptation,SBP,9.62336163355754,0.5200587555713245,-0.3028685824687664,13.120364000498292,37.62259615384615,63.47596153846153,79.11298076923077,FAIL*,FAIL (Grade D)*
random_disjoint,VitalDB,cnn_transformer_aff_adaptation,DBP,6.569909587594179,0.4699539735080302,-0.555929079743532,8.902578748824205,51.14903846153847,78.14423076923077,90.68028846153848,FAIL*,PASS (Grade B)*
random_disjoint,VitalDB,cnn_transformer_aff_adaptation,SBP,10.073643302000486,0.484760606327034,-0.6876443952780503,13.58050818590607,35.19471153846154,61.17067307692308,77.5673076923077,FAIL*,FAIL (Grade D)*
random_disjoint,VitalDB,compact_resnet,DBP,5.900579122167367,0.5520436224320782,0.0353314924698609,8.200078290428543,56.32451923076923,82.14423076923076,92.42548076923076,FAIL*,PASS (Grade B)*
random_disjoint,VitalDB,compact_resnet,SBP,9.198245360667888,0.5544699899500567,0.2138837997729961,12.642817551127711,39.44711538461539,65.75240384615385,80.9110576923077,FAIL*,FAIL (Grade D)*
random_disjoint,VitalDB,inception_time_wide,DBP,5.180738706451196,0.6260790704222152,-0.0939155062803855,7.491347265835015,63.30528846153847,85.57451923076923,93.95913461538464,PASS*,PASS (Grade B)*
random_disjoint,VitalDB,inception_time_wide,SBP,8.160254435814345,0.6233245468515259,0.1389605435041281,11.62572823269582,46.13221153846154,71.57932692307692,84.4639423076923,FAIL*,FAIL (Grade D)*
random_disjoint,VitalDB,patch_transformer,DBP,5.882156659869048,0.5487911896357316,-0.5243363921000407,8.213149109253155,57.17067307692307,82.125,92.5360576923077,FAIL*,PASS (Grade B)*
random_disjoint,VitalDB,patch_transformer,SBP,9.05553272815851,0.5627390595858637,-0.0518234335459195,12.526627262767583,40.15384615384615,66.86057692307692,81.4735576923077,FAIL*,FAIL (Grade D)*
random_disjoint,VitalDB,runet_resunet_encoder_adaptation,DBP,5.87307062291182,0.5510105389131095,0.0527095363231805,8.209435404362964,57.27644230769231,82.16586538461539,92.41346153846152,FAIL*,PASS (Grade B)*
random_disjoint,VitalDB,runet_resunet_encoder_adaptation,SBP,9.099028727274677,0.5569310982111473,0.2801137379499582,12.606542101600128,40.43509615384615,66.50721153846155,81.16586538461539,FAIL*,FAIL (Grade D)*
random_disjoint,VitalDB,self_attention_resunet_adaptation,DBP,5.460452213149805,0.6048912584319805,-0.0453584923652502,7.701138861884926,60.08413461538461,84.52163461538461,93.85817307692308,PASS*,PASS (Grade B)*
random_disjoint,VitalDB,self_attention_resunet_adaptation,SBP,8.538471430081588,0.6018393379846572,0.0117328454897953,11.953538784235011,43.13221153846154,69.42307692307692,83.31009615384616,FAIL*,FAIL (Grade D)*
random_disjoint,VitalDB,subject_mean_residual_ppg,DBP,4.205235573466007,0.771422937290143,0.0722751352878717,5.8571646086354905,69.56971153846155,91.61057692307692,97.6826923076923,PASS*,PASS (Grade A)*
random_disjoint,VitalDB,subject_mean_residual_ppg,SBP,7.627701199421516,0.688116270738554,0.1317146526850187,10.578649466922853,46.16826923076923,73.30288461538461,87.00961538461539,FAIL*,FAIL (Grade C)*
random_disjoint,VitalDB,subject_train_mean,DBP,5.855418210995167,0.5887385450193732,0.1090099066649069,7.856359875153763,54.07932692307692,82.7764423076923,94.1658653846154,PASS*,PASS (Grade B)*
random_disjoint,VitalDB,subject_train_mean,SBP,10.84759054117688,0.4194175944448362,0.1419436485755129,14.43372625638212,31.588942307692307,56.81971153846154,74.82451923076923,FAIL*,FAIL (Grade D)*
