candidate,runner,backbone,split_mode,seed,Scope,n_participants,n_events,sbp_mae,dbp_mae,mean_mae,sbp_bias,dbp_bias,worst_30_mean_mae,retained_70_mean_mae
subject_mean_residual_ppg,subject_mean_residual,resnet_small,chronological_blocked,20260828,MIMIC,1011,40440,7.434060573577881,3.855821371078491,5.6449408531188965,-0.0405977144837379,-0.1820879578590393,10.462007522583008,3.573671102523804
inception_time_wide,population_regression,inception_time_wide,chronological_blocked,20260828,MIMIC,1011,40440,8.551533699035645,4.861703872680664,6.706618785858154,0.5294005274772644,0.1013822630047798,12.2791166305542,4.310523509979248
subject_train_mean,analysis_baseline,,chronological_blocked,20260828,MIMIC,1011,40440,9.161750913701214,4.62388581130023,6.892818362500722,0.9665373132053988,0.3358246699865158,13.298664482896946,4.13839513675751
self_attention_resunet_adaptation,population_regression,self_attention_resunet_adaptation,chronological_blocked,20260828,MIMIC,1011,40440,8.887822151184082,5.141426086425781,7.014623165130615,0.3065473139286041,0.023890595883131,12.556861877441406,4.631539821624756
compact_resnet,population_regression,resnet_small,chronological_blocked,20260828,MIMIC,1011,40440,9.326132774353027,5.292560577392578,7.309347152709961,1.07766854763031,0.1549536138772964,12.942742347717283,4.887066841125488
runet_resunet_encoder_adaptation,population_regression,runet_resunet_encoder_adaptation,chronological_blocked,20260828,MIMIC,1011,40440,9.41572380065918,5.321971893310547,7.368847846984863,-0.2035066932439804,-0.0615867227315902,13.312199592590332,4.813290596008301
patch_transformer,population_regression,patch_transformer,chronological_blocked,20260828,MIMIC,1011,40440,10.038301467895508,5.681048393249512,7.85967493057251,0.2810167968273163,-0.2146357744932174,14.032782554626465,5.205325603485107
cnn_bilstm_adaptation,population_regression,cnn_bilstm_adaptation,chronological_blocked,20260828,MIMIC,1011,40440,10.527291297912598,5.858543395996094,8.192916870117188,0.4200458228588104,-0.0845590531826019,14.57334804534912,5.449422359466553
cnn_transformer_aff_adaptation,population_regression,cnn_transformer_aff_adaptation,chronological_blocked,20260828,MIMIC,1011,40440,10.587284088134766,5.995242595672607,8.291263580322266,0.7155970335006714,0.2893725633621216,14.811964988708496,5.487453460693359
subject_mean_residual_ppg,subject_mean_residual,resnet_small,chronological_blocked,20260828,Overall,2051,82040,8.036089897155762,4.371624946594238,6.203857421875,-0.1278359442949295,-0.3141062557697296,11.116507530212402,4.0950117111206055
inception_time_wide,population_regression,inception_time_wide,chronological_blocked,20260828,Overall,2051,82040,9.124545097351074,5.561954975128174,7.343250274658203,0.1519943624734878,-0.2590604126453399,12.928871154785156,4.945519924163818
subject_train_mean,analysis_baseline,,chronological_blocked,20260828,Overall,2051,82040,9.777309056448148,5.172101301883964,7.474705179166056,0.1546560477802391,-0.1511767533393044,13.824898952804816,4.748768339750392
self_attention_resunet_adaptation,population_regression,self_attention_resunet_adaptation,chronological_blocked,20260828,Overall,2051,82040,9.358026504516602,5.750181674957275,7.554104328155518,0.2549066245555877,-0.0374847613275051,12.990711212158203,5.22034215927124
compact_resnet,population_regression,resnet_small,chronological_blocked,20260828,Overall,2051,82040,9.686907768249512,5.903383731842041,7.795145511627197,1.0174529552459717,0.0238178465515375,13.346076965332031,5.412306785583496
runet_resunet_encoder_adaptation,population_regression,runet_resunet_encoder_adaptation,chronological_blocked,20260828,Overall,2051,82040,9.723010063171388,5.8998188972473145,7.8114142417907715,-0.3867891132831573,-0.463735967874527,13.588106155395508,5.331664562225342
patch_transformer,population_regression,patch_transformer,chronological_blocked,20260828,Overall,2051,82040,10.231695175170898,6.287960529327393,8.259827613830566,0.0288775898516178,-0.533969521522522,14.177520751953123,5.719550132751465
cnn_bilstm_adaptation,population_regression,cnn_bilstm_adaptation,chronological_blocked,20260828,Overall,2051,82040,10.632095336914062,6.3569207191467285,8.4945068359375,0.482961893081665,-0.2059615403413772,14.574747085571287,5.884453773498535
cnn_transformer_aff_adaptation,population_regression,cnn_transformer_aff_adaptation,chronological_blocked,20260828,Overall,2051,82040,10.740991592407228,6.559291839599609,8.650141716003418,0.3758158981800079,-0.3175262212753296,14.79665184020996,6.011639595031738
subject_mean_residual_ppg,subject_mean_residual,resnet_small,chronological_blocked,20260828,VitalDB,1040,41600,8.621330261230469,4.873045921325684,6.747187614440918,-0.2126415818929672,-0.442443311214447,11.552183151245115,4.687903881072998
inception_time_wide,population_regression,inception_time_wide,chronological_blocked,20260828,VitalDB,1040,41600,9.681578636169434,6.242679595947266,7.96212911605835,-0.2148879021406173,-0.6094523072242737,13.449408531188965,5.610437870025635
subject_train_mean,analysis_baseline,,chronological_blocked,20260828,VitalDB,1040,41600,10.375702597137714,5.705030014364883,8.0403663057513,-0.6345862208205652,-0.6245983292839239,14.220099695373888,5.391909138770188
self_attention_resunet_adaptation,population_regression,self_attention_resunet_adaptation,chronological_blocked,20260828,VitalDB,1040,41600,9.8151216506958,6.341963291168213,8.07854175567627,0.2047058790922165,-0.0971486791968345,13.32706356048584,5.8291754722595215
runet_resunet_encoder_adaptation,population_regression,runet_resunet_encoder_adaptation,chronological_blocked,20260828,VitalDB,1040,41600,10.021728515625,6.461552619934082,8.241640090942383,-0.5649608373641968,-0.8546715378761292,13.799324035644531,5.859776020050049
compact_resnet,population_regression,resnet_small,chronological_blocked,20260828,VitalDB,1040,41600,10.037622451782228,6.49717378616333,8.2673978805542,0.958916187286377,-0.103661298751831,13.64694118499756,5.961879253387451
patch_transformer,population_regression,patch_transformer,chronological_blocked,20260828,VitalDB,1040,41600,10.419695854187012,6.87794828414917,8.648822784423828,-0.2162307947874069,-0.8443988561630249,14.261784553527832,6.24326753616333
cnn_bilstm_adaptation,population_regression,cnn_bilstm_adaptation,chronological_blocked,20260828,VitalDB,1040,41600,10.73397731781006,6.841400146484375,8.787689208984375,0.5441235303878784,-0.3239787518978119,14.568622589111328,6.310147285461426
cnn_transformer_aff_adaptation,population_regression,cnn_transformer_aff_adaptation,chronological_blocked,20260828,VitalDB,1040,41600,10.890414237976074,7.107612133026123,8.99901294708252,0.0455093681812286,-0.9075018167495728,14.76944065093994,6.525972843170166
subject_mean_residual_ppg,subject_mean_residual,resnet_small,random_disjoint,20260828,MIMIC,1011,40440,7.669912338256836,4.132405757904053,5.901158332824707,0.4491835534572601,-0.1014858558773994,8.533221244812012,4.7694091796875
inception_time_wide,population_regression,inception_time_wide,random_disjoint,20260828,MIMIC,1011,40440,8.262927055358887,4.726775169372559,6.494851112365723,0.0760489627718925,-0.2962021231651306,9.76316738128662,5.089521408081055
self_attention_resunet_adaptation,population_regression,self_attention_resunet_adaptation,random_disjoint,20260828,MIMIC,1011,40440,8.923062324523926,5.204518795013428,7.063790321350098,-0.1461505442857742,-0.1148956269025802,10.457242012023926,5.604654788970947
runet_resunet_encoder_adaptation,population_regression,runet_resunet_encoder_adaptation,random_disjoint,20260828,MIMIC,1011,40440,9.520068168640137,5.518764495849609,7.519416332244873,-0.909826397895813,-0.6421639919281006,11.226676940917969,5.925346851348877
subject_train_mean,analysis_baseline,,random_disjoint,20260828,MIMIC,1011,40440,9.972672898218766,5.220253947298642,7.596463422758704,0.084294484074047,-0.0190466726190547,11.534255647308314,5.903268463404983
compact_resnet,population_regression,resnet_small,random_disjoint,20260828,MIMIC,1011,40440,9.719165802001951,5.627171516418457,7.673168182373047,-0.7159221768379211,-0.622072160243988,11.307440757751465,6.110482692718506
patch_transformer,population_regression,patch_transformer,random_disjoint,20260828,MIMIC,1011,40440,9.783421516418455,5.606394767761231,7.694907665252685,0.4780035614967346,-0.7810889482498169,11.378711700439451,6.110924243927002
cnn_bilstm_adaptation,population_regression,cnn_bilstm_adaptation,random_disjoint,20260828,MIMIC,1011,40440,10.722159385681152,6.173830509185791,8.447996139526367,0.0555732883512973,-0.4839040338993072,12.50879192352295,6.701910018920898
cnn_transformer_aff_adaptation,population_regression,cnn_transformer_aff_adaptation,random_disjoint,20260828,MIMIC,1011,40440,11.510767936706545,6.587941646575928,9.049354553222656,-0.8058885335922241,-0.6085675358772278,13.39046859741211,7.182737827301025
subject_mean_residual_ppg,subject_mean_residual,resnet_small,random_disjoint,20260828,Overall,2051,82040,7.648508071899414,4.16933536529541,5.90892219543457,0.2882046997547149,-0.0133769251406192,8.297141075134277,4.883735179901123
inception_time_wide,population_regression,inception_time_wide,random_disjoint,20260828,Overall,2051,82040,8.210865020751953,4.956966400146484,6.583915710449219,0.1079495251178741,-0.19362872838974,9.712145805358888,5.241065502166748
self_attention_resunet_adaptation,population_regression,self_attention_resunet_adaptation,random_disjoint,20260828,Overall,2051,82040,8.728048324584961,5.33429479598999,7.0311713218688965,-0.0660926476120948,-0.0796354413032531,10.11438274383545,5.707646369934082
runet_resunet_encoder_adaptation,population_regression,runet_resunet_encoder_adaptation,random_disjoint,20260828,Overall,2051,82040,9.30657196044922,5.698421955108643,7.502496719360352,-0.3064437806606293,-0.289814680814743,10.977123260498049,6.010949611663818
patch_transformer,population_regression,patch_transformer,random_disjoint,20260828,Overall,2051,82040,9.414332389831545,5.746225357055664,7.580277919769287,0.2093443274497985,-0.6508975028991699,10.905244827270508,6.152975082397461
compact_resnet,population_regression,resnet_small,random_disjoint,20260828,Overall,2051,82040,9.455022811889648,5.76580810546875,7.610415935516357,-0.2444456815719604,-0.2887226939201355,11.020298957824709,6.146660804748535
subject_train_mean,analysis_baseline,,random_disjoint,20260828,Overall,2051,82040,10.416317144282363,5.542326513970697,7.979321829126531,0.1135266298963408,0.0458869414498483,11.590195109912246,6.429288420789248
cnn_bilstm_adaptation,population_regression,cnn_bilstm_adaptation,random_disjoint,20260828,Overall,2051,82040,10.164994239807127,6.216169357299805,8.190581321716309,-0.1261817663908004,-0.3892135322093963,11.929656982421877,6.585515022277832
cnn_transformer_aff_adaptation,population_regression,cnn_transformer_aff_adaptation,random_disjoint,20260828,Overall,2051,82040,10.7820463180542,6.578798294067383,8.680421829223633,-0.745930552482605,-0.5818761587142944,12.641453742980955,6.980076789855957
subject_mean_residual_ppg,subject_mean_residual,resnet_small,random_disjoint,20260828,VitalDB,1040,41600,7.627701282501221,4.205235958099365,5.916468143463135,0.1317146569490432,0.0722751393914222,8.065828323364258,4.995314598083496
inception_time_wide,population_regression,inception_time_wide,random_disjoint,20260828,VitalDB,1040,41600,8.16025447845459,5.18073844909668,6.670496463775635,0.1389605551958084,-0.0939154997467994,9.658858299255373,5.3897705078125
self_attention_resunet_adaptation,population_regression,self_attention_resunet_adaptation,random_disjoint,20260828,VitalDB,1040,41600,8.538471221923828,5.460452079772949,6.999462127685547,0.0117328828200697,-0.0453585013747215,9.780317306518556,5.807666778564453
patch_transformer,population_regression,patch_transformer,random_disjoint,20260828,VitalDB,1040,41600,9.055532455444336,5.882156848907471,7.468844890594482,-0.0518234334886074,-0.5243363976478577,10.427842140197754,6.20070219039917
runet_resunet_encoder_adaptation,population_regression,runet_resunet_encoder_adaptation,random_disjoint,20260828,VitalDB,1040,41600,9.099028587341309,5.873070240020752,7.486049175262451,0.2801137566566467,0.0527095459401607,10.733916282653809,6.094106674194336
compact_resnet,population_regression,resnet_small,random_disjoint,20260828,VitalDB,1040,41600,9.19824504852295,5.90057897567749,7.549412250518799,0.2138838022947311,0.0353315025568008,10.738388061523438,6.182708263397217
cnn_bilstm_adaptation,population_regression,cnn_bilstm_adaptation,random_disjoint,20260828,VitalDB,1040,41600,9.62336254119873,6.257328510284424,7.940345287322998,-0.3028685748577118,-0.2971634566783905,11.322955131530762,6.490655422210693
cnn_transformer_aff_adaptation,population_regression,cnn_transformer_aff_adaptation,random_disjoint,20260828,VitalDB,1040,41600,10.07364273071289,6.569909572601318,8.321776390075684,-0.6876444816589355,-0.5559291243553162,11.81556797027588,6.824437618255615
subject_train_mean,analysis_baseline,,random_disjoint,20260828,VitalDB,1040,41600,10.84759054117688,5.855418210995167,8.351504376086023,0.1419436485755129,0.1090099066649069,11.601758099025211,6.958538494826371
