Scope,Setting,BP,MAE,R²,ME,STD,≤5 mmHg,≤10 mmHg,≤15 mmHg,AAMI,BHS
Overall,residual_reference,SBP,7.715503017987233,0.7434364614127238,-0.4563522890798642,10.710237223427198,45.589956118966356,73.03754266211604,86.71014139444173,FAIL*,FAIL (Grade C)*
Overall,residual_reference,DBP,4.2092274597480435,0.7717605930610858,-0.4360298418522114,6.112476072201957,70.43027791321308,91.79424670892247,97.32935153583617,PASS*,PASS (Grade A)*
MIMIC,residual_reference,SBP,7.768717153513349,0.7717242230825745,-0.6108735276966492,10.85683637802693,45.8704253214639,72.94263105835806,86.4515331355094,FAIL*,FAIL (Grade C)*
MIMIC,residual_reference,DBP,4.194696485159069,0.7690607914830883,-0.6418737413385619,6.357253640053204,71.83728981206727,91.84223541048468,96.89663699307616,PASS*,PASS (Grade A)*
VitalDB,residual_reference,SBP,7.663772738163288,0.6887817972132064,-0.30613981577066274,10.563740508826383,45.31730769230769,73.1298076923077,86.96153846153845,FAIL*,FAIL (Grade C)*
VitalDB,residual_reference,DBP,4.2233532436994405,0.7710305984375181,-0.23592582033230708,5.857886355426006,69.0625,91.74759615384616,97.75,PASS*,PASS (Grade A)*
Overall,residual_quality_gate,SBP,7.618251549494319,0.747876109807341,-0.24063467535375097,10.624075089710809,46.41638225255973,73.78961482203803,87.03559239395416,FAIL*,FAIL (Grade C)*
Overall,residual_quality_gate,DBP,4.142291531197796,0.7784666290970642,-0.19782406829264848,6.034070063563842,71.2213554363725,91.92345197464651,97.49634324719649,PASS*,PASS (Grade A)*
MIMIC,residual_quality_gate,SBP,7.679447521300274,0.7759674942847247,-0.15499728049062245,10.77135480277064,46.48615232443126,73.79327398615231,86.96587537091987,FAIL*,FAIL (Grade C)*
MIMIC,residual_quality_gate,DBP,4.127780228387472,0.7769376687883239,-0.2792741511860894,6.273449836922432,72.45796241345202,92.04005934718101,97.12166172106825,PASS*,PASS (Grade A)*
VitalDB,residual_quality_gate,SBP,7.558762003825261,0.6937559129147737,-0.3238841043985807,10.478376861736217,46.34855769230769,73.7860576923077,87.10336538461539,FAIL*,FAIL (Grade C)*
VitalDB,residual_quality_gate,DBP,4.156398191910523,0.776508439573277,-0.11864518963373624,5.790867082863572,70.01923076923077,91.81009615384616,97.86057692307692,PASS*,PASS (Grade A)*
Overall,residual_quality_weighted_loss,SBP,7.7016468730221606,0.7439341037752385,-0.06694322281032583,10.70934455335871,46.03486104339346,73.22769380789859,86.79668454412482,FAIL*,FAIL (Grade C)*
Overall,residual_quality_weighted_loss,DBP,4.200635151767777,0.7737489996796062,-0.02572053700525664,6.101202482056618,70.63139931740614,91.73573866406632,97.42320819112628,PASS*,PASS (Grade A)*
MIMIC,residual_quality_weighted_loss,SBP,7.702882514297078,0.7748408875197373,-0.11145507593654855,10.798946943023292,46.67903066271018,73.4841740850643,86.72848664688428,FAIL*,FAIL (Grade C)*
MIMIC,residual_quality_weighted_loss,DBP,4.160117530775589,0.7742752378809823,-0.18448013495266968,6.314334014925858,72.13155291790306,91.99554896142433,97.06478733926805,PASS*,PASS (Grade A)*
VitalDB,residual_quality_weighted_loss,SBP,7.700445687128948,0.6856335991726249,-0.023672565588584313,10.621467193925676,45.40865384615385,72.97836538461539,86.86298076923077,FAIL*,FAIL (Grade C)*
VitalDB,residual_quality_weighted_loss,DBP,4.240022954482298,0.7693589010238598,0.12861211061477662,5.882592214778407,69.17307692307692,91.48317307692308,97.77163461538461,PASS*,PASS (Grade A)*
Overall,residual_ppg_quality_filter,SBP,7.743566668550891,0.7411517636761691,-0.09302562618767093,10.767178229111423,45.68990736226231,72.96075085324232,86.67723061921015,FAIL*,FAIL (Grade C)*
Overall,residual_ppg_quality_filter,DBP,4.217411091291631,0.7720642147289125,-0.25195556005462094,6.118745825643369,70.48878595806923,91.66138469039493,97.38664066309117,PASS*,PASS (Grade A)*
MIMIC,residual_ppg_quality_filter,SBP,7.797551691072277,0.7698930934760122,-0.05027478309578523,10.917419431761825,45.94460929772502,72.95004945598419,86.40949554896142,FAIL*,FAIL (Grade C)*
MIMIC,residual_ppg_quality_filter,DBP,4.198898727226446,0.7703479104611921,-0.48542318141307134,6.353227570734679,72.05242334322452,91.5677546983185,97.01533135509396,PASS*,PASS (Grade A)*
VitalDB,residual_ppg_quality_filter,SBP,7.691086997619042,0.6857274339867164,-0.13458437846257137,10.619055420701264,45.44230769230769,72.97115384615384,86.9375,FAIL*,FAIL (Grade C)*
VitalDB,residual_ppg_quality_filter,DBP,4.235407245204999,0.7702133278124106,-0.024998093522511994,5.873035849851154,68.96875,91.75240384615385,97.74759615384615,PASS*,PASS (Grade A)*
Overall,residual_calibration_relative,SBP,6.890957929424284,0.7938846716522783,-0.05703130589061572,9.608221362285079,49.92930277913213,77.58166747927841,89.7306192101414,FAIL*,FAIL (Grade C)*
Overall,residual_calibration_relative,DBP,3.7849073750399658,0.8127522818288981,-0.2540881651660281,5.544683716911758,74.57581667479278,93.77620672842517,98.12408581179912,PASS*,PASS (Grade A)*
MIMIC,residual_calibration_relative,SBP,7.0383300519013146,0.8117836840749408,-0.007393398530169599,9.873890030650207,49.34965380811078,76.99307616221563,89.1864490603363,FAIL*,FAIL (Grade C)*
MIMIC,residual_calibration_relative,DBP,3.807096846285253,0.8062221470011474,-0.3958635276432207,5.839553760934602,75.47725024727993,93.63748763600395,97.69535113748763,PASS*,PASS (Grade A)*
VitalDB,residual_calibration_relative,SBP,6.74769522190094,0.7567490693925455,-0.10528507929581862,9.342588234601907,50.49278846153846,78.15384615384615,90.25961538461539,FAIL*,PASS (Grade B)*
VitalDB,residual_calibration_relative,DBP,3.7633366486659416,0.8170937494660551,-0.11626615414252647,5.238554920610633,73.69951923076923,93.9110576923077,98.54086538461539,PASS*,PASS (Grade A)*
Overall,residual_support_attention,SBP,6.781931600752021,0.7997319844381157,-0.405719839009583,9.462425078721976,50.60823988298391,78.06435884934179,90.14505119453925,FAIL*,PASS (Grade B)*
Overall,residual_support_attention,DBP,3.705973564991423,0.8189215484908873,-0.1606761182127552,5.455934891823031,75.61433447098976,94.14797659678206,98.22403705509507,PASS*,PASS (Grade A)*
MIMIC,residual_support_attention,SBP,6.930231498563561,0.8167766535885421,-0.6360200730087023,9.72126175326368,50.175568743818,77.40356083086053,89.5895153313551,FAIL*,FAIL (Grade C)*
MIMIC,residual_support_attention,DBP,3.715534692937849,0.8135790729324103,-0.4252111456160729,5.725005997716203,76.71859545004945,93.92927794263106,97.7917903066271,PASS*,PASS (Grade A)*
VitalDB,residual_support_attention,SBP,6.637766988552533,0.7641361656573825,-0.18184143845851605,9.198422614264484,51.02884615384615,78.70673076923077,90.68509615384616,FAIL*,PASS (Grade B)*
VitalDB,residual_support_attention,DBP,3.6966790454204266,0.8220065808738231,0.09648245169566227,5.168094791907323,74.54086538461539,94.36057692307692,98.64423076923077,PASS*,PASS (Grade A)*
Overall,residual_support_reliability,SBP,6.881423372503956,0.7939285084291556,-0.11728029162752401,9.606652933231572,50.120672842515845,77.6304241833252,89.79400292540224,FAIL*,FAIL (Grade C)*
Overall,residual_support_reliability,DBP,3.7817501153904076,0.8138581568683897,0.0941949865516949,5.5332861327670715,74.87810823988298,93.73720136518772,98.15699658703072,PASS*,PASS (Grade A)*
MIMIC,residual_support_reliability,SBP,7.002838153537256,0.8124616837948344,-0.36156009962721464,9.84945858748169,49.84174085064293,77.25024727992087,89.19881305637982,FAIL*,FAIL (Grade C)*
MIMIC,residual_support_reliability,DBP,3.7906540341476305,0.8090447390178064,-0.09146315917063184,5.809452735954857,75.9297725024728,93.66716122650841,97.76706231454006,PASS*,PASS (Grade A)*
VitalDB,residual_support_reliability,SBP,6.763394195941778,0.7559056413063773,0.12018786787986756,9.358593603810197,50.39182692307692,78.0,90.37259615384615,FAIL*,PASS (Grade B)*
VitalDB,residual_support_reliability,DBP,3.7730944789831455,0.8162527224277698,0.2746761262875337,5.2446900009343125,73.85576923076923,93.80528846153847,98.5360576923077,PASS*,PASS (Grade A)*
Overall,residual_film,SBP,6.153737013448104,0.8311320560942602,0.07429675288690933,8.696675492586921,54.84397854705022,81.73451974646514,92.24890297415894,FAIL*,PASS (Grade B)*
Overall,residual_film,DBP,3.406906874153104,0.8421003982623042,-0.11425987531475065,5.095718280619812,79.04436860068259,95.2328132618235,98.49463676255485,PASS*,PASS (Grade A)*
MIMIC,residual_film,SBP,6.325752151236454,0.843200661767825,0.20152289572620485,9.009968632693226,54.193867457962405,80.84569732937685,91.60237388724035,FAIL*,PASS (Grade B)*
MIMIC,residual_film,DBP,3.4400473109338687,0.8347460872772053,-0.1941513649669764,5.40155416242012,79.71562809099902,94.8318496538081,98.10583580613255,PASS*,PASS (Grade A)*
VitalDB,residual_film,SBP,5.986518451617314,0.8043496311872347,-0.049381737892444315,8.379156900192,55.47596153846154,82.5985576923077,92.87740384615385,FAIL*,PASS (Grade B)*
VitalDB,residual_film,DBP,3.3746905457056484,0.8478767505332653,-0.036596129123981185,4.778474014968754,78.39182692307692,95.62259615384615,98.87259615384615,PASS*,PASS (Grade A)*
Overall,residual_multi_event_weighting,SBP,6.846118798016455,0.7949663002863626,-0.19980655132648947,9.581063336009684,50.558264261335935,77.80351048269138,89.9512432959532,FAIL*,FAIL (Grade C)*
Overall,residual_multi_event_weighting,DBP,3.738114000378092,0.81670990703418,-0.32735089374599896,5.481766743750842,75.31935641150658,93.85056070209654,98.16674792784008,PASS*,PASS (Grade A)*
MIMIC,residual_multi_event_weighting,SBP,6.97446936202686,0.8127023709189392,-0.17451308181566488,9.848219881658725,50.2299703264095,77.3293768545994,89.54747774480713,FAIL*,FAIL (Grade C)*
MIMIC,residual_multi_event_weighting,DBP,3.731230985422634,0.8122485213147943,-0.48354089517150034,5.740897770926225,76.72106824925817,93.75618199802176,97.73491592482691,PASS*,PASS (Grade A)*
VitalDB,residual_multi_event_weighting,SBP,6.72134724011788,0.7581224096886453,-0.2243947221682622,9.314066656440815,50.87740384615385,78.26442307692307,90.34375,FAIL*,PASS (Grade B)*
VitalDB,residual_multi_event_weighting,DBP,3.7448050851088306,0.8187491826771408,-0.17551619043717018,5.21312504973593,73.95673076923077,93.9423076923077,98.58653846153847,PASS*,PASS (Grade A)*
Overall,residual_subject_lora_rank4,SBP,3.966345600172812,0.9236521858126682,-0.12349550018422142,5.846513319546568,73.46538274012677,92.73159434422233,97.41955143832277,PASS*,PASS (Grade A)*
Overall,residual_subject_lora_rank4,DBP,2.2043297355899223,0.9202592010821763,-0.1938698607965076,3.6169404142826016,91.16528522671868,98.20453437347635,99.37225743539737,PASS*,PASS (Grade A)*
MIMIC,residual_subject_lora_rank4,SBP,4.337524025046389,0.9201022618528882,-0.11194096479406461,6.432225434690816,70.44015825914936,90.88526211671612,96.50346191889219,PASS*,PASS (Grade A)*
MIMIC,residual_subject_lora_rank4,DBP,2.3832203951834687,0.9039601675746668,-0.29270048999880705,4.110081120342421,89.74777448071217,97.48021760633037,98.97378832838774,PASS*,PASS (Grade A)*
VitalDB,residual_subject_lora_rank4,SBP,3.6055173429159018,0.9241806040966559,-0.1347278417990758,5.214501246951908,76.40625,94.5264423076923,98.31009615384615,PASS*,PASS (Grade A)*
VitalDB,residual_subject_lora_rank4,DBP,2.0304273732350424,0.9375845267859914,-0.09779508567773379,3.05934548149384,92.54326923076923,98.90865384615385,99.75961538461539,PASS*,PASS (Grade A)*
Overall,residual_inception_time_wide,SBP,7.067562346177122,0.7739608088532967,0.2925784825697461,10.05781634924861,50.33032666991711,76.82106289614822,88.92003900536324,FAIL*,FAIL (Grade C)*
Overall,residual_inception_time_wide,DBP,3.8611259272132252,0.798933994837507,-0.007447745659361811,5.751657329817676,74.30399804973183,92.85836177474403,97.72306192101414,PASS*,PASS (Grade A)*
MIMIC,residual_inception_time_wide,SBP,7.058745929253915,0.80156320448919,0.5194014587930591,10.125120166447559,50.74431256181998,77.09693372898121,88.99851632047478,FAIL*,FAIL (Grade C)*
MIMIC,residual_inception_time_wide,DBP,3.819358210181624,0.7982226583589275,-0.0862265153879228,5.971922448539349,75.64787339268051,92.959940652819,97.39119683481702,PASS*,PASS (Grade A)*
VitalDB,residual_inception_time_wide,SBP,7.076132920705355,0.7220480028880166,0.07208037779881404,9.987139533481328,49.92788461538461,76.55288461538461,88.84375,FAIL*,FAIL (Grade C)*
VitalDB,residual_inception_time_wide,DBP,3.9017289675199067,0.7963823737701943,0.06913430837484506,5.528125497220429,72.99759615384616,92.75961538461537,98.04567307692308,PASS*,PASS (Grade A)*
Overall,residual_patch_transformer,SBP,8.169078197739637,0.7138354915496916,-0.03392153297733063,11.321434041769118,43.461725987323256,70.7557289127255,85.07069722086787,FAIL*,FAIL (Grade C)*
Overall,residual_patch_transformer,DBP,4.438593631485856,0.7531479859678728,-0.13821732248113772,6.371478410374995,68.1704046806436,90.75450999512434,96.99658703071673,PASS*,PASS (Grade A)*
MIMIC,residual_patch_transformer,SBP,8.208804847272049,0.7462253988974711,0.04407888350217915,11.465173752136218,43.92927794263105,70.90009891196834,84.7725024727992,FAIL*,FAIL (Grade D)*
MIMIC,residual_patch_transformer,DBP,4.399170772069522,0.7550150514507105,-0.25518230113737894,6.5760663336181135,69.66369930761623,91.05588526211672,96.63946587537092,PASS*,PASS (Grade A)*
VitalDB,residual_patch_transformer,SBP,8.130459310549956,0.6516985896191524,-0.10974693784346948,11.17954736005404,43.00721153846154,70.61538461538461,85.36057692307692,FAIL*,FAIL (Grade C)*
VitalDB,residual_patch_transformer,DBP,4.4769171996300035,0.7468779386285616,-0.02451386726819552,6.164044041522691,66.71875,90.46153846153845,97.34375,PASS*,PASS (Grade A)*
Overall,residual_conformer,SBP,7.405088108077623,0.7551119674565552,0.31247316371633155,10.468534840837167,48.04607508532423,75.10726474890296,87.793759141882,FAIL*,FAIL (Grade C)*
Overall,residual_conformer,DBP,4.038515300787931,0.7848112618926745,-0.018211542415014423,5.950202945144055,72.52194051682106,92.31838127742564,97.5,PASS*,PASS (Grade A)*
MIMIC,residual_conformer,SBP,7.460527845282701,0.7811701971945736,0.3766600251315727,10.639985715299536,48.44460929772502,75.02720079129574,87.48763600395648,FAIL*,FAIL (Grade C)*
MIMIC,residual_conformer,DBP,4.0246145218227545,0.7836831124155132,-0.17014363861461304,6.181644049134883,73.85262116716123,92.35410484668645,97.1513353115727,PASS*,PASS (Grade A)*
VitalDB,residual_conformer,SBP,7.351194286621534,0.704266575836312,0.2500761282444,10.298873827793429,47.65865384615385,75.18509615384616,88.09134615384615,FAIL*,FAIL (Grade C)*
VitalDB,residual_conformer,DBP,4.052028461878116,0.7825004109366804,0.12948398571748,5.712442553997112,71.22836538461539,92.28365384615384,97.8389423076923,PASS*,PASS (Grade A)*
Overall,residual_cnn_bilstm,SBP,8.053861562895344,0.7230997202517909,0.21138097166956954,11.13471121753974,43.72988785958069,71.2420770355924,85.6289614822038,FAIL*,FAIL (Grade C)*
Overall,residual_cnn_bilstm,DBP,4.3973948598431125,0.7573261830738764,0.029786925941255253,6.318742803921675,68.46538274012677,90.85324232081912,97.15870307167236,PASS*,PASS (Grade A)*
MIMIC,residual_cnn_bilstm,SBP,8.16328749557631,0.7508468274587199,0.25680568027213346,11.357480251929566,43.80069238377844,70.94460929772502,85.15578635014836,FAIL*,FAIL (Grade C)*
MIMIC,residual_cnn_bilstm,DBP,4.395610333526641,0.7557327377335465,-0.08663081839813323,6.570798009605245,69.64144411473788,90.77893175074185,96.82492581602375,PASS*,PASS (Grade A)*
VitalDB,residual_cnn_bilstm,SBP,7.9474869302602915,0.6680176252419238,0.1672229135953463,10.913751675412305,43.66105769230769,71.53125,86.0889423076923,FAIL*,FAIL (Grade C)*
VitalDB,residual_cnn_bilstm,DBP,4.399129625329604,0.7550879122400094,0.1429584062557954,6.061617507788541,67.32211538461539,90.92548076923077,97.48317307692308,PASS*,PASS (Grade A)*
Overall,residual_cnn_gru,SBP,8.772233323757966,0.6837231131984196,-0.2857669043575828,11.898823427161403,39.522184300341294,67.33178937103852,82.95587518283763,FAIL*,FAIL (Grade D)*
Overall,residual_cnn_gru,DBP,4.732420110446776,0.7300319587133817,-0.31085207607617094,6.657440750308092,64.75743539736713,89.362506094588,96.77840078010726,PASS*,PASS (Grade A)*
MIMIC,residual_cnn_gru,SBP,8.9027591061993,0.7142716843530734,-0.17804368450191208,12.164377778313725,39.64144411473789,66.96834817012859,82.27250247279922,FAIL*,FAIL (Grade D)*
MIMIC,residual_cnn_gru,DBP,4.722365451165642,0.7299412281868856,-0.3771091762565364,6.89929269379491,66.12017804154303,89.46092977250247,96.36745796241345,PASS*,PASS (Grade A)*
VitalDB,residual_cnn_gru,SBP,8.645347202557783,0.6224137043525559,-0.3904863036595858,11.634055900178874,39.40625,67.68509615384616,83.6201923076923,FAIL*,FAIL (Grade D)*
VitalDB,residual_cnn_gru,DBP,4.742194399421032,0.7256163494774699,-0.24644252965083488,6.413023638421725,63.43269230769231,89.26682692307692,97.17788461538461,PASS*,PASS (Grade A)*
Overall,residual_soft_moe,SBP,7.738353462721417,0.7402926669265834,-0.0729268256772849,10.78518709860871,45.65577766942955,73.09361287176986,86.63456850316919,FAIL*,FAIL (Grade C)*
Overall,residual_soft_moe,DBP,4.206695330939254,0.7730044835546489,-0.3083654343239102,6.10350218825916,70.46318868844466,91.66138469039493,97.4024865919064,PASS*,PASS (Grade A)*
MIMIC,residual_soft_moe,SBP,7.686179497263198,0.7743393463003914,0.26448441098870673,10.808307736564702,46.30563798219585,73.64737883283877,86.9188921859545,FAIL*,FAIL (Grade C)*
MIMIC,residual_soft_moe,DBP,4.131543184010613,0.7759828830290119,-0.3271723014310842,6.284577685112142,72.3862512363996,91.973293768546,97.12413452027695,PASS*,PASS (Grade A)*
VitalDB,residual_soft_moe,SBP,7.789072577219743,0.6773740690488119,-0.40092947978239796,10.752649009099704,45.02403846153846,72.55528846153845,86.35817307692307,FAIL*,FAIL (Grade C)*
VitalDB,residual_soft_moe,DBP,4.279751889155461,0.7657945187095716,-0.2900829894726093,5.922189655522077,68.59375,91.35817307692308,97.67307692307692,PASS*,PASS (Grade A)*
Overall,residual_prototype_moe,SBP,7.797225677903136,0.7383493359208315,-0.5181680603994503,10.81330271580253,45.109702584105314,72.68771331058021,86.43954168698195,FAIL*,FAIL (Grade C)*
Overall,residual_prototype_moe,DBP,4.255358855611577,0.7703996348222575,-0.3442315707957669,6.1366042120304,69.97318381277425,91.48951730862994,97.41833252072159,PASS*,PASS (Grade A)*
MIMIC,residual_prototype_moe,SBP,7.825521975667257,0.7680495617839173,-0.657914085652307,10.941418554192168,45.49950544015826,72.84619188921859,86.3452027695351,FAIL*,FAIL (Grade C)*
MIMIC,residual_prototype_moe,DBP,4.2293088730435695,0.7690611655662495,-0.5439011074315193,6.366379196174398,71.65430267062315,91.59742828882294,97.02274975272009,PASS*,PASS (Grade A)*
VitalDB,residual_prototype_moe,SBP,7.769718411518977,0.6814160990616233,-0.3823187993122981,10.685667107728895,44.730769230769226,72.53365384615384,86.53125,FAIL*,FAIL (Grade C)*
VitalDB,residual_prototype_moe,DBP,4.280682444434899,0.7680883100572817,-0.15012974239312685,5.898272713320103,68.3389423076923,91.38461538461539,97.80288461538461,PASS*,PASS (Grade A)*
Overall,residual_demographics_direct,SBP,7.347494833112519,0.764905314627979,0.03949148256217253,10.261567234385424,47.610921501706486,75.20721599219893,88.12652364700146,FAIL*,FAIL (Grade C)*
Overall,residual_demographics_direct,DBP,4.024006426386691,0.7888457258875434,-0.19960897172270375,5.890807041136541,72.39395416869819,92.55607020965383,97.69137006338372,PASS*,PASS (Grade A)*
MIMIC,residual_demographics_direct,SBP,7.377504116043257,0.7916619141616879,0.13094526766315767,10.38746569800844,47.92284866468843,75.25964391691394,87.99208704253215,FAIL*,FAIL (Grade C)*
MIMIC,residual_demographics_direct,DBP,3.9938728612679046,0.7870785372524387,-0.34951514405383555,6.1252956864998325,73.87240356083086,92.59643916913947,97.34668644906034,PASS*,PASS (Grade A)*
VitalDB,residual_demographics_direct,SBP,7.318322347494272,0.7136511618790664,-0.04941214891580435,10.137014843466941,47.30769230769231,75.15625,88.25721153846153,FAIL*,FAIL (Grade C)*
VitalDB,residual_demographics_direct,DBP,4.053299728631973,0.7873340309790522,-0.05388287535080543,5.649804461451393,70.95673076923077,92.51682692307692,98.0264423076923,PASS*,PASS (Grade A)*
Overall,residual_beat_similarity_filter,SBP,8.206661107841205,0.7147660552289716,-0.20117089435683408,11.301271618927611,43.3130180399805,70.35104826913701,84.75743539736715,FAIL*,FAIL (Grade D)*
Overall,residual_beat_similarity_filter,DBP,4.462990845615605,0.7517710593676157,-0.2956200677322098,6.38388568177797,67.73037542662117,90.46318868844466,97.00755728912725,PASS*,PASS (Grade A)*
MIMIC,residual_beat_similarity_filter,SBP,8.049611876249077,0.756314272330026,-0.16035402148932543,11.2339006835709,44.76508407517309,71.61968348170129,85.3486646884273,FAIL*,FAIL (Grade C)*
MIMIC,residual_beat_similarity_filter,DBP,4.312707138014359,0.7619071783388558,-0.37043916337214167,6.477199386990413,70.56132542037587,91.20672601384767,96.82492581602375,PASS*,PASS (Grade A)*
VitalDB,residual_beat_similarity_filter,SBP,8.359331082013938,0.6398330037924558,-0.2408496044232295,11.36637568280195,41.901442307692314,69.11778846153847,84.1826923076923,FAIL*,FAIL (Grade D)*
VitalDB,residual_beat_similarity_filter,DBP,4.609083949831816,0.7360109816644601,-0.2228872737976221,6.291072565832564,64.97836538461539,89.74038461538461,97.18509615384615,PASS*,PASS (Grade A)*
